CodigoProduto,Descricao,PrecoMedio,FaixaPreco
10002,INFLATABLE POLITICAL GLOBE,0.85,Ate 1
10120,DOGGY RUBBER,0.21,Ate 1
10125,MINI FUNKY DESIGN TAPES,0.78,Ate 1
10135,COLOURING PENCILS BROWN TUBE,1.25,1 a 3
11001,ASSTD DESIGN RACING CAR PEN,1.69,1 a 3
15036,ASSORTED COLOURS SILK FAN,0.8,Ate 1
15039,SANDALWOOD FAN,0.85,Ate 1
15044C,PURPLE PAPER PARASOL,2.95,1 a 3
15056BL,EDWARDIAN PARASOL BLACK,5.95,3 a 10
15056N,EDWARDIAN PARASOL NATURAL,5.95,3 a 10
15056P,EDWARDIAN PARASOL PINK,5.95,3 a 10
15058A,BLUE POLKADOT GARDEN PARASOL,7.95,3 a 10
15058B,PINK POLKADOT GARDEN PARASOL,7.95,3 a 10
15058C,ICE CREAM DESIGN GARDEN PARASOL,5.95,3 a 10
16012,FOOD/DRINK SPONGE STICKERS,0.21,Ate 1
16048,TEATIME ROUND PENCIL SHARPENER,0.22,Ate 1
16156L,WRAP CAROUSEL,0.42,Ate 1
16156S,WRAP PINK FAIRY CAKES,0.42,Ate 1
16161P,WRAP ENGLISH ROSE,0.42,Ate 1
16161U,WRAP SUKI AND FRIENDS,0.42,Ate 1
16169E,WRAP 50'S  CHRISTMAS,0.42,Ate 1
16218,CARTOON  PENCIL SHARPENERS,0.09,Ate 1
16219,HOUSE SHAPE PENCIL SHARPENER,0.06,Ate 1
16225,RATTLE SNAKE EGGS,1.25,1 a 3
16236,KITTY PENCIL ERASERS,0.21,Ate 1
16237,SLEEPING CAT ERASERS,0.21,Ate 1
16238,PARTY TIME PENCIL ERASERS,0.21,Ate 1
16258A,SWIRLY CIRCULAR RUBBERS IN BAG,0.42,Ate 1
17011F,ORIGAMI SANDLEWOOD INCENSE+FLOWER,0.65,Ate 1
17012A,ORIGAMI VANILLA INCENSE/CANDLE SET,0.85,Ate 1
17012B,ORIGAMI JASMINE INCENSE/CANDLE SET,0.85,Ate 1
17174,ASSTD RASTA KEY-CHAINS,0.42,Ate 1
20615,BLUE POLKADOT PASSPORT COVER,0.75,Ate 1
20617,FIRST CLASS PASSPORT COVER,2.1,1 a 3
20658,RED RETROSPOT LUGGAGE TAG,1.25,1 a 3
20665,RED RETROSPOT PURSE,2.95,1 a 3
20668,DISCO BALL CHRISTMAS DECORATION,0.12,Ate 1
20674,GREEN POLKADOT BOWL,1.25,1 a 3
20675,BLUE POLKADOT BOWL,1.25,1 a 3
20676,RED RETROSPOT BOWL,1.25,1 a 3
20677,PINK POLKADOT BOWL,1.25,1 a 3
20679,EDWARDIAN PARASOL RED,5.95,3 a 10
20681,PINK POLKADOT CHILDRENS UMBRELLA,3.25,3 a 10
20682,RED RETROSPOT CHILDRENS UMBRELLA,3.25,3 a 10
20684,STRAWBERRY DREAM CHILDS UMBRELLA,3.25,3 a 10
20685,DOORMAT RED RETROSPOT,7.45,3 a 10
20686,DOLLY MIXTURE CHILDREN'S UMBRELLA,3.25,3 a 10
20702,PINK PADDED MOBILE,4.25,3 a 10
20704,MR ROBOT SOFT TOY,6.95,3 a 10
20711,JUMBO BAG TOYS,1.95,1 a 3
20712,JUMBO BAG WOODLAND ANIMALS,2.06,1 a 3
20713,JUMBO BAG OWLS,2.02,1 a 3
20717,STRAWBERRY SHOPPER BAG,1.25,1 a 3
20718,RED RETROSPOT SHOPPER BAG,1.25,1 a 3
20719,WOODLAND CHARLOTTE BAG,0.85,Ate 1
20723,STRAWBERRY CHARLOTTE BAG,0.85,Ate 1
20724,RED RETROSPOT CHARLOTTE BAG,0.85,Ate 1
20725,LUNCH BAG RED RETROSPOT,1.65,1 a 3
20726,LUNCH BAG WOODLAND,1.65,1 a 3
20727,LUNCH BAG  BLACK SKULL.,1.65,1 a 3
20728,LUNCH BAG CARS BLUE,1.65,1 a 3
20749,ASSORTED COLOUR MINI CASES,7.95,3 a 10
20750,RED RETROSPOT MINI CASES,7.89,3 a 10
20751,FUNKY WASHING UP GLOVES ASSORTED,2.1,1 a 3
20767,BLUE PAISLEY JOURNAL,2.55,1 a 3
20777,CHRYSANTHEMUM NOTEBOOK,1.65,1 a 3
20819,SILVER TEDDY BEAR,3.75,3 a 10
20832,RED FLOCK LOVE HEART PHOTO FRAME,0.39,Ate 1
20866,BLUE ROSE FABRIC MIRROR,1.25,1 a 3
20914,SET/5 RED RETROSPOT LID GLASS BOWLS,2.95,1 a 3
20961,STRAWBERRY BATH SPONGE,1.25,1 a 3
20963,APPLE BATH SPONGE,1.25,1 a 3
20966,SANDWICH BATH SPONGE,1.25,1 a 3
20967,GREY FLORAL FELTCRAFT SHOULDER BAG,3.75,3 a 10
20971,PINK BLUE FELT CRAFT TRINKET BOX,1.25,1 a 3
20972,PINK CREAM FELT CRAFT TRINKET BOX,1.25,1 a 3
20973,12 PENCIL SMALL TUBE WOODLAND,0.65,Ate 1
20974,12 PENCILS SMALL TUBE SKULL,0.65,Ate 1
20975,12 PENCILS SMALL TUBE RED RETROSPOT,0.65,Ate 1
20977,36 PENCILS TUBE WOODLAND,1.25,1 a 3
20978,36 PENCILS TUBE SKULLS,1.25,1 a 3
20979,36 PENCILS TUBE RED RETROSPOT,1.25,1 a 3
20981,12 PENCILS TALL TUBE WOODLAND,0.85,Ate 1
20983,12 PENCILS TALL TUBE RED RETROSPOT,0.85,Ate 1
20984,12 PENCILS TALL TUBE POSY,0.29,Ate 1
20992,JAZZ HEARTS PURSE NOTEBOOK,0.39,Ate 1
20996,JAZZ HEARTS ADDRESS BOOK,0.19,Ate 1
21003,ROSE DU SUD CUSHION COVER,6.35,3 a 10
21012,ANTIQUE ALL GLASS CANDLESTICK,2.1,1 a 3
21026,SPACE OWL,1.25,1 a 3
21027,NINJA RABBIT PINK,1.25,1 a 3
21030,SPACE CADET RED,1.25,1 a 3
21034,REX CASH+CARRY JUMBO SHOPPER,0.95,Ate 1
21035,SET/2 RED RETROSPOT TEA TOWELS,3.15,3 a 10
21039,RED RETROSPOT SHOPPING BAG,2.55,1 a 3
21042,RED RETROSPOT APRON,5.95,3 a 10
21054,NURSE'S BAG SOFT TOY,8.95,3 a 10
21055,TOOL BOX SOFT TOY,8.95,3 a 10
21056,DOCTOR'S BAG SOFT TOY,8.95,3 a 10
21058,PARTY INVITES WOODLAND,0.85,Ate 1
21059,PARTY INVITES DINOSAURS,0.85,Ate 1
21061,PARTY INVITES FOOTBALL,0.85,Ate 1
21062,PARTY INVITES SPACEMAN,0.85,Ate 1
21063,PARTY INVITES JAZZ HEARTS,0.85,Ate 1
21064,BOOM BOX SPEAKER BOYS,5.95,3 a 10
21065,BOOM BOX SPEAKER GIRLS,5.95,3 a 10
21068,VINTAGE BILLBOARD LOVE/HATE MUG,1.25,1 a 3
21069,VINTAGE BILLBOARD TEA MUG,1.25,1 a 3
21070,VINTAGE BILLBOARD MUG,1.25,1 a 3
21078,SET/20 STRAWBERRY PAPER NAPKINS,0.85,Ate 1
21080,SET/20 RED RETROSPOT PAPER NAPKINS,0.84,Ate 1
21084,SET/6 COLLAGE PAPER CUPS,0.3,Ate 1
21086,SET/6 RED SPOTTY PAPER CUPS,0.65,Ate 1
21087,SET/6 POSIES PAPER CUPS,0.65,Ate 1
21088,SET/6 FRUIT SALAD PAPER CUPS,0.19,Ate 1
21090,SET/6 COLLAGE PAPER PLATES,0.5,Ate 1
21094,SET/6 RED SPOTTY PAPER PLATES,0.84,Ate 1
21095,SET/6 POSIES PAPER PLATES,0.85,Ate 1
21096,SET/6 FRUIT SALAD  PAPER PLATES,0.39,Ate 1
21098,CHRISTMAS TOILET ROLL,1.25,1 a 3
21107,CREAM SLICE FLANNEL PINK SPOT,2.95,1 a 3
21108,FAIRY CAKE FLANNEL ASSORTED COLOUR,1.67,1 a 3
21110,LARGE CAKE TOWEL PINK SPOTS,1.95,1 a 3
21111,"SWISS ROLL TOWEL, CHOCOLATE  SPOTS",2.95,1 a 3
21114,LAVENDER SCENTED FABRIC HEART,1.25,1 a 3
21116,OWL DOORSTOP,4.95,3 a 10
21121,SET/10 RED POLKADOT PARTY CANDLES,1.25,1 a 3
21122,SET/10 PINK POLKADOT PARTY CANDLES,1.25,1 a 3
21123,SET/10 IVORY POLKADOT PARTY CANDLES,1.25,1 a 3
21124,SET/10 BLUE POLKADOT PARTY CANDLES,1.25,1 a 3
21125,SET 6 FOOTBALL CELEBRATION CANDLES,1.25,1 a 3
21126,SET OF 6 GIRLS CELEBRATION CANDLES,1.25,1 a 3
21135,VICTORIAN  METAL POSTCARD SPRING,1.69,1 a 3
21136,PAINTED METAL PEARS ASSORTED,1.69,1 a 3
21137,BLACK RECORD COVER FRAME,3.69,3 a 10
21154,RED RETROSPOT OVEN GLOVE,1.25,1 a 3
21155,RED RETROSPOT PEG BAG,2.55,1 a 3
21156,RETROSPOT CHILDRENS APRON,1.95,1 a 3
21161,KEEP OUT BOYS DOOR HANGER,1.45,1 a 3
21162,TOXIC AREA  DOOR HANGER,1.45,1 a 3
21163,DO NOT TOUCH MY STUFF DOOR HANGER,1.45,1 a 3
21164,HOME SWEET HOME METAL SIGN,2.95,1 a 3
21165,BEWARE OF THE CAT METAL SIGN,1.69,1 a 3
21166,COOK WITH WINE METAL SIGN,2.08,1 a 3
21174,POTTERING IN THE SHED METAL SIGN,2.08,1 a 3
21175,GIN + TONIC DIET METAL SIGN,2.55,1 a 3
21181,PLEASE ONE PERSON METAL SIGN,2.1,1 a 3
21188,3D HEARTS  HONEYCOMB PAPER GARLAND,2.95,1 a 3
21194,PINK  HONEYCOMB PAPER FAN,0.65,Ate 1
21195,PINK  HONEYCOMB PAPER BALL,1.81,1 a 3
21196,ROUND WHITE CONFETTI IN TUBE,1.65,1 a 3
21197,MULTICOLOUR  CONFETTI IN TUBE,1.65,1 a 3
21198,WHITE HEART CONFETTI IN TUBE,1.65,1 a 3
21199,PINK  HEART CONFETTI IN TUBE,1.65,1 a 3
21200,MULTICOLOUR HONEYCOMB PAPER GARLAND,1.65,1 a 3
21201,TROPICAL  HONEYCOMB PAPER GARLAND,2.55,1 a 3
21202,DOLLY HONEYCOMB GARLAND,1.65,1 a 3
21204,DAISIES  HONEYCOMB GARLAND,1.65,1 a 3
21205,MULTICOLOUR 3D BALLS GARLAND,2.55,1 a 3
21206,STRAWBERRY HONEYCOMB  GARLAND,1.65,1 a 3
21207,SKULL AND CROSSBONES  GARLAND,1.65,1 a 3
21208,PASTEL COLOUR HONEYCOMB FAN,0.86,Ate 1
21209,MULTICOLOUR HONEYCOMB FAN,1.02,1 a 3
21210,SET OF 72 RETROSPOT PAPER  DOILIES,1.45,1 a 3
21212,PACK OF 72 RETROSPOT CAKE CASES,0.54,Ate 1
21213,PACK OF 72 SKULL CAKE CASES,0.52,Ate 1
21216,"SET 3 RETROSPOT TEA,COFFEE,SUGAR",4.95,3 a 10
21217,RED RETROSPOT ROUND CAKE TINS,9.95,3 a 10
21218,RED SPOTTY BISCUIT TIN,3.75,3 a 10
21219,SET/4 BADGES BALLOON GIRL,1.25,1 a 3
21221,SET/4 BADGES CUTE CREATURES,1.25,1 a 3
21224,SET/4 SKULL BADGES,1.25,1 a 3
21231,SWEETHEART CERAMIC TRINKET BOX,1.25,1 a 3
21232,STRAWBERRY CERAMIC TRINKET BOX,1.14,1 a 3
21238,RED RETROSPOT CUP,0.85,Ate 1
21239,PINK  POLKADOT CUP,0.85,Ate 1
21240,BLUE POLKADOT CUP,0.85,Ate 1
21242,RED RETROSPOT PLATE,1.69,1 a 3
21243,PINK  POLKADOT PLATE,1.69,1 a 3
21244,BLUE POLKADOT PLATE,1.69,1 a 3
21245,GREEN POLKADOT PLATE,1.69,1 a 3
21246,RED RETROSPOT BIG BOWL,4.95,3 a 10
21248,DOOR HANGER  MUM + DADS ROOM,1.45,1 a 3
21249,WOODLAND  HEIGHT CHART STICKERS,2.95,1 a 3
21251,DINOSAUR HEIGHT CHART STICKER SET,2.95,1 a 3
21257,VICTORIAN SEWING BOX MEDIUM,7.95,3 a 10
21258,VICTORIAN SEWING BOX LARGE,12.75,Acima de 10
21259,VICTORIAN SEWING BOX SMALL,5.95,3 a 10
21262,WHITE GOOSE FEATHER CHRISTMAS TREE,2.95,1 a 3
21264,WHITE GOOSE FEATHER TREE 60CM,1.95,1 a 3
21284,RETROSPOT CANDLE  SMALL,1.69,1 a 3
21286,RETROSPOT CANDLE  LARGE,2.55,1 a 3
21294,ETCHED GLASS COASTER,1.25,1 a 3
21306,SET/4 DAISY MIRROR MAGNETS,0.29,Ate 1
21326,AGED GLASS SILVER T-LIGHT HOLDER,0.65,Ate 1
21328,BALLOONS  WRITING SET,1.65,1 a 3
21329,DINOSAURS  WRITING SET,1.65,1 a 3
21340,CLASSIC METAL BIRDCAGE PLANT HOLDER,9.95,3 a 10
21351,CINAMMON & ORANGE WREATH,6.75,3 a 10
21354,TOAST ITS - BEST MUM,1.25,1 a 3
21355,TOAST ITS - I LOVE YOU,1.25,1 a 3
21356,TOAST ITS - FAIRY FLOWER,1.25,1 a 3
21358,TOAST ITS - HAPPY BIRTHDAY,1.25,1 a 3
21361,LOVE LARGE WOOD LETTERS,12.75,Acima de 10
21365,MIRRORED WALL ART STARS,1.85,1 a 3
21369,MIRRORED WALL ART SPLODGES,1.25,1 a 3
21371,MIRRORED WALL ART POPPIES,0.75,Ate 1
21372,MIRRORED WALL ART TABLE LAMP,0.75,Ate 1
21374,MIRRORED WALL ART SKULLS,1.25,1 a 3
21375,LARGE CAMPHOR WOOD FIELD MUSHROOM,5.45,3 a 10
21377,SMALL CAMPHOR WOOD FIELD  MUSHROOM,1.65,1 a 3
21380,WOODEN HAPPY BIRTHDAY GARLAND,2.82,1 a 3
21381,MINI WOODEN HAPPY BIRTHDAY GARLAND,1.45,1 a 3
21383,PACK OF 12 STICKY BUNNIES,0.65,Ate 1
21385,IVORY HANGING DECORATION  HEART,0.85,Ate 1
21394,RED POLKADOT BEAKER,0.39,Ate 1
21395,BLUE POLKADOT BEAKER,0.39,Ate 1
21398,RED POLKADOT COFFEE  MUG,2.1,1 a 3
21399,BLUE POLKADOT COFFEE MUG,0.39,Ate 1
21402,RED  EGG  SPOON,0.12,Ate 1
21403,BLUE EGG  SPOON,0.12,Ate 1
21407,BROWN CHECK CAT DOORSTOP,4.25,3 a 10
21408,SPOTTY PINK DUCK DOORSTOP,4.25,3 a 10
21411,GINGHAM HEART  DOORSTOP RED,4.25,3 a 10
21424,WOODLAND STORAGE BOX LARGE,2.95,1 a 3
21425,SKULLS STORAGE BOX LARGE,2.95,1 a 3
21426,WOODLAND STORAGE BOX SMALL,2.1,1 a 3
21427,SKULLS STORAGE BOX SMALL,2.1,1 a 3
21428,SET3 BOOK BOX GREEN GINGHAM FLOWER,4.25,3 a 10
21429,RED GINGHAM ROSE JEWELLERY BOX,1.85,1 a 3
21430,SET/3 RED GINGHAM ROSE STORAGE BOX,3.75,3 a 10
21439,BASKET OF TOADSTOOLS,1.25,1 a 3
21441,BLUE BIRDHOUSE DECORATION,0.85,Ate 1
21442,GREEN BIRDHOUSE DECORATION,0.85,Ate 1
21452,TOADSTOOL MONEY BOX,2.95,1 a 3
21463,MIRRORED DISCO BALL,5.95,3 a 10
21466,RED FLOWER CROCHET FOOD COVER,3.75,3 a 10
21467,CHERRY CROCHET FOOD COVER,3.75,3 a 10
21469,POLKA DOT RAFFIA FOOD COVER,3.75,3 a 10
21470,FLOWER VINE RAFFIA FOOD COVER,3.75,3 a 10
21471,STRAWBERRY RAFFIA FOOD COVER,3.75,3 a 10
21472,LADYBIRD + BEE RAFFIA FOOD COVER,3.75,3 a 10
21479,WHITE SKULL HOT WATER BOTTLE,4.25,3 a 10
21481,FAWN BLUE HOT WATER BOTTLE,3.54,3 a 10
21484,CHICK GREY HOT WATER BOTTLE,3.98,3 a 10
21485,RETROSPOT HEART HOT WATER BOTTLE,4.95,3 a 10
21494,ROTATING LEAVES T-LIGHT HOLDER,1.25,1 a 3
21495,SKULLS AND CROSSBONES WRAP,0.42,Ate 1
21497,FANCY FONTS BIRTHDAY WRAP,0.42,Ate 1
21498,RED RETROSPOT WRAP,0.42,Ate 1
21499,BLUE POLKADOT WRAP,0.42,Ate 1
21500,PINK POLKADOT WRAP,0.42,Ate 1
21506,"FANCY FONT BIRTHDAY CARD,",0.42,Ate 1
21507,"ELEPHANT, BIRTHDAY CARD,",0.42,Ate 1
21508,VINTAGE KID DOLLY CARD,0.42,Ate 1
21509,COWBOYS AND INDIANS BIRTHDAY CARD,0.42,Ate 1
21519,GIN & TONIC DIET GREETING CARD,0.42,Ate 1
21523,DOORMAT FANCY FONT HOME SWEET HOME,8.25,3 a 10
21524,DOORMAT SPOTTY HOME SWEET HOME,7.32,3 a 10
21527,RED RETROSPOT TRADITIONAL TEAPOT,7.28,3 a 10
21528,DAIRY MAID TRADITIONAL TEAPOT,6.95,3 a 10
21531,RED RETROSPOT SUGAR JAM BOWL,2.55,1 a 3
21533,RETROSPOT LARGE MILK JUG,4.79,3 a 10
21535,RED RETROSPOT SMALL MILK JUG,2.55,1 a 3
21537,RED RETROSPOT PUDDING BOWL,4.25,3 a 10
21539,RED RETROSPOT BUTTER DISH,4.88,3 a 10
21544,SKULLS  WATER TRANSFER TATTOOS,0.85,Ate 1
21555,CERAMIC STRAWBERRY TRINKET TRAY,2.55,1 a 3
21556,CERAMIC STRAWBERRY MONEY BOX,2.4,1 a 3
21557,SET OF 6 FUNKY BEAKERS,2.95,1 a 3
21558,SKULL LUNCH BOX WITH CUTLERY,2.55,1 a 3
21559,STRAWBERRY LUNCH BOX WITH CUTLERY,2.55,1 a 3
21561,DINOSAUR LUNCH BOX WITH CUTLERY,2.55,1 a 3
21563,RED HEART SHAPE LOVE BUCKET,2.95,1 a 3
21564,PINK  HEART SHAPE LOVE BUCKET,2.95,1 a 3
21576,LETS GO SHOPPING COTTON TOTE BAG,2.25,1 a 3
21577,SAVE THE PLANET COTTON TOTE BAG,2.25,1 a 3
21578,WOODLAND DESIGN  COTTON TOTE BAG,2.25,1 a 3
21579,LOLITA  DESIGN  COTTON TOTE BAG,2.25,1 a 3
21581,SKULLS  DESIGN  COTTON TOTE BAG,2.25,1 a 3
21584,RETROSPOT SMALL TUBE MATCHES,1.65,1 a 3
21591,COSY HOUR CIGAR BOX MATCHES,1.25,1 a 3
21621,VINTAGE UNION JACK BUNTING,8.5,3 a 10
21622,VINTAGE UNION JACK CUSHION COVER,4.95,3 a 10
21623,VINTAGE UNION JACK MEMOBOARD,9.95,3 a 10
21624,VINTAGE UNION JACK DOORSTOP,5.95,3 a 10
21643,ASSORTED TUTTI FRUTTI MIRROR,1.25,1 a 3
21648,ASSORTED TUTTI FRUTTI SMALL PURSE,1.25,1 a 3
21650,ASSORTED TUTTI FRUTTI BRACELET,0.19,Ate 1
21658,GLASS  BEURRE DISH,3.95,3 a 10
21668,RED STRIPE CERAMIC DRAWER KNOB,1.25,1 a 3
21669,BLUE STRIPE CERAMIC DRAWER KNOB,1.35,1 a 3
21671,RED SPOT CERAMIC DRAWER KNOB,1.32,1 a 3
21672,WHITE SPOT RED CERAMIC DRAWER KNOB,1.33,1 a 3
21673,WHITE SPOT BLUE CERAMIC DRAWER KNOB,1.25,1 a 3
21675,BUTTERFLIES STICKERS,0.85,Ate 1
21677,HEARTS  STICKERS,0.85,Ate 1
21678,PAISLEY PATTERN  STICKERS,0.85,Ate 1
21679,SKULLS  STICKERS,0.85,Ate 1
21680,WOODLAND  STICKERS,0.85,Ate 1
21693,SMALL HAMMERED SILVER CANDLEPOT,2.95,1 a 3
21696,SMALL SILVER TRELLIS CANDLEPOT,2.95,1 a 3
21698,MOCK LOBSTER FRIDGE MAGNET,0.39,Ate 1
21700,BIG DOUGHNUT FRIDGE MAGNETS,0.85,Ate 1
21703,BAG 125g SWIRLY MARBLES,0.42,Ate 1
21704,BAG 250g SWIRLY MARBLES,0.85,Ate 1
21706,FOLDING UMBRELLA RED/WHITE POLKADOT,4.95,3 a 10
21707,FOLDING UMBRELLA BLACKBLUE POLKADOT,4.95,3 a 10
21708,FOLDING UMBRELLA CREAM POLKADOT,4.95,3 a 10
21709,FOLDING UMBRELLA CHOCOLATE POLKADOT,4.95,3 a 10
21710,FOLDING UMBRELLA PINKWHITE POLKADOT,4.95,3 a 10
21711,FOLDING UMBRELLA WHITE/RED POLKADOT,4.95,3 a 10
21715,GIRLS VINTAGE TIN SEASIDE BUCKET,2.55,1 a 3
21716,BOYS VINTAGE TIN SEASIDE BUCKET,2.55,1 a 3
21719,LOVELY BONBON STICKER SHEET,0.85,Ate 1
21721,CANDY SHOP  STICKER SHEET,0.85,Ate 1
21723,ALPHABET HEARTS STICKER SHEET,0.85,Ate 1
21724,PANDA AND BUNNIES STICKER SHEET,0.85,Ate 1
21725,SWEETIES  STICKERS,0.85,Ate 1
21731,RED TOADSTOOL LED NIGHT LIGHT,1.65,1 a 3
21733,RED HANGING HEART T-LIGHT HOLDER,2.95,1 a 3
21739,COSY SLIPPER SHOES SMALL GREEN,2.95,1 a 3
21746,SMALL RED RETROSPOT WINDMILL,1.23,1 a 3
21747,SMALL SKULL WINDMILL,1.06,1 a 3
21749,LARGE RED RETROSPOT WINDMILL,2.1,1 a 3
21754,HOME BUILDING BLOCK WORD,5.95,3 a 10
21755,LOVE BUILDING BLOCK WORD,5.95,3 a 10
21756,BATH BUILDING BLOCK WORD,5.95,3 a 10
21770,OPEN CLOSED METAL SIGN,4.95,3 a 10
21774,DECORATIVE CATS BATHROOM BOTTLE,1.25,1 a 3
21786,POLKADOT RAIN HAT,0.42,Ate 1
21787,RAIN PONCHO RETROSPOT,0.85,Ate 1
21790,VINTAGE SNAP CARDS,0.85,Ate 1
21791,VINTAGE HEADS AND TAILS CARD GAME,1.25,1 a 3
21811,HANGING HEART WITH BELL,0.39,Ate 1
21812,GARLAND WITH HEARTS AND BELLS,4.95,3 a 10
21813,GARLAND WITH STARS AND BELLS,4.95,3 a 10
21818,GLITTER HEART DECORATION,0.39,Ate 1
21819,GLITTER CHRISTMAS STAR,0.39,Ate 1
21821,GLITTER STAR GARLAND WITH BELLS,3.75,3 a 10
21822,GLITTER CHRISTMAS TREE WITH BELLS,0.79,Ate 1
21828,EIGHT PIECE SNAKE  SET,1.25,1 a 3
21829,DINOSAUR KEYRINGS ASSORTED,0.21,Ate 1
21832,CHOCOLATE CALCULATOR,1.65,1 a 3
21833,CAMOUFLAGE LED TORCH,1.69,1 a 3
21843,RED RETROSPOT CAKE STAND,10.95,Acima de 10
21844,RED RETROSPOT MUG,2.82,1 a 3
21845,DAIRY MAID STRIPE MUG,0.79,Ate 1
21864,UNION JACK FLAG PASSPORT COVER,2.1,1 a 3
21865,PINK UNION JACK  PASSPORT COVER,2.1,1 a 3
21866,UNION JACK FLAG LUGGAGE TAG,1.25,1 a 3
21871,SAVE THE PLANET MUG,1.57,1 a 3
21872,GLAMOROUS  MUG,1.12,1 a 3
21875,KINGS CHOICE MUG,1.25,1 a 3
21877,HOME SWEET HOME MUG,1.33,1 a 3
21880,RED RETROSPOT TAPE,0.6,Ate 1
21881,CUTE CATS TAPE,0.52,Ate 1
21882,SKULLS TAPE,0.65,Ate 1
21883,STARS GIFT TAPE,0.58,Ate 1
21884,CAKES AND BOWS GIFT  TAPE,0.65,Ate 1
21888,BINGO SET,3.75,3 a 10
21889,WOODEN BOX OF DOMINOES,1.25,1 a 3
21890,S/6 WOODEN SKITTLES IN COTTON BAG,3.05,3 a 10
21891,TRADITIONAL WOODEN SKIPPING ROPE,1.4,1 a 3
21892,TRADITIONAL WOODEN CATCH CUP GAME,1.25,1 a 3
21894,POTTING SHED SEED ENVELOPES,1.25,1 a 3
21900,"KEY FOB , SHED",0.65,Ate 1
21901,"KEY FOB , BACK DOOR",0.65,Ate 1
21905,MORE BUTTER METAL SIGN,0.79,Ate 1
21906,PHARMACIE FIRST AID TIN,6.75,3 a 10
21907,I'M ON HOLIDAY METAL SIGN,2.1,1 a 3
21908,CHOCOLATE THIS WAY METAL SIGN,2.1,1 a 3
21912,VINTAGE SNAKES & LADDERS,3.75,3 a 10
21913,VINTAGE SEASIDE JIGSAW PUZZLES,3.75,3 a 10
21914,BLUE HARMONICA IN BOX,1.25,1 a 3
21915,RED  HARMONICA IN BOX,1.25,1 a 3
21916,SET 12 RETRO WHITE CHALK STICKS,0.42,Ate 1
21917,SET 12 KIDS  WHITE CHALK STICKS,0.42,Ate 1
21918,SET 12 KIDS COLOUR  CHALK STICKS,0.42,Ate 1
21922,UNION STRIPE WITH FRINGE  HAMMOCK,7.95,3 a 10
21926,RED/CREAM STRIPE CUSHION COVER,1.25,1 a 3
21928,JUMBO BAG SCANDINAVIAN BLUE PAISLEY,2.08,1 a 3
21929,JUMBO BAG PINK VINTAGE PAISLEY,2.08,1 a 3
21930,JUMBO STORAGE BAG SKULLS,2.04,1 a 3
21931,JUMBO STORAGE BAG SUKI,2.05,1 a 3
21932,SCANDINAVIAN PAISLEY PICNIC BAG,1.65,1 a 3
21933,PINK VINTAGE PAISLEY PICNIC BAG,1.65,1 a 3
21934,SKULL SHOULDER BAG,1.65,1 a 3
21935,SUKI  SHOULDER BAG,1.65,1 a 3
21936,RED RETROSPOT PICNIC BAG,2.94,1 a 3
21937,STRAWBERRY   PICNIC BAG,2.85,1 a 3
21943,CAKES AND RABBITS DESIGN FLANNEL,0.85,Ate 1
21946,PARTY TIME DESIGN FLANNEL,0.85,Ate 1
21947,SET OF 6 HEART CHOPSTICKS,1.25,1 a 3
21948,SET OF 6 CAKE CHOPSTICKS,1.25,1 a 3
21949,SET OF 6 STRAWBERRY CHOPSTICKS,1.25,1 a 3
21955,DOORMAT UNION JACK GUNS AND ROSES,7.95,3 a 10
21967,PACK OF 12 SKULL TISSUES,0.39,Ate 1
21972,SET OF 36 DINOSAUR PAPER DOILIES,1.45,1 a 3
21974,SET OF 36 PAISLEY FLOWER DOILIES,1.45,1 a 3
21975,PACK OF 60 DINOSAUR CAKE CASES,0.55,Ate 1
21976,PACK OF 60 MUSHROOM CAKE CASES,0.55,Ate 1
21977,PACK OF 60 PINK PAISLEY CAKE CASES,0.55,Ate 1
21980,PACK OF 12 RED RETROSPOT TISSUES,0.3,Ate 1
21981,PACK OF 12 WOODLAND TISSUES,0.3,Ate 1
21982,PACK OF 12 SUKI TISSUES,0.29,Ate 1
21983,PACK OF 12 BLUE PAISLEY TISSUES,0.29,Ate 1
21985,PACK OF 12 HEARTS DESIGN TISSUES,0.29,Ate 1
21986,PACK OF 12 PINK POLKADOT TISSUES,0.29,Ate 1
21987,PACK OF 6 SKULL PAPER CUPS,0.65,Ate 1
21988,PACK OF 6 SKULL PAPER PLATES,0.85,Ate 1
21989,PACK OF 20 SKULL PAPER NAPKINS,0.85,Ate 1
21990,MODERN FLORAL STATIONERY SET,1.25,1 a 3
22023,EMPIRE BIRTHDAY CARD,0.42,Ate 1
22024,RAINY LADIES BIRTHDAY CARD,0.42,Ate 1
22025,RING OF ROSES BIRTHDAY CARD,0.42,Ate 1
22026,BANQUET BIRTHDAY  CARD,0.42,Ate 1
22027,TEA PARTY BIRTHDAY CARD,0.42,Ate 1
22028,PENNY FARTHING BIRTHDAY CARD,0.42,Ate 1
22029,SPACEBOY BIRTHDAY CARD,0.42,Ate 1
22032,BOTANICAL LILY GREETING CARD,0.42,Ate 1
22035,VINTAGE CARAVAN GREETING CARD,0.42,Ate 1
22037,ROBOT BIRTHDAY CARD,0.42,Ate 1
22041,"RECORD FRAME 7"" SINGLE SIZE",2.55,1 a 3
22043,CHRISTMAS CARD SCREEN PRINT,0.19,Ate 1
22044,CHRISTMAS CARD STACK OF PRESENTS,0.42,Ate 1
22045,SPACEBOY GIFT WRAP,0.42,Ate 1
22046,TEA PARTY  WRAPPING PAPER,0.42,Ate 1
22051,BLUE SCANDINAVIAN PAISLEY WRAP,0.42,Ate 1
22052,VINTAGE CARAVAN GIFT WRAP,0.42,Ate 1
22059,CERAMIC STRAWBERRY DESIGN MUG,1.49,1 a 3
22063,CERAMIC BOWL WITH STRAWBERRY DESIGN,2.95,1 a 3
22064,PINK DOUGHNUT TRINKET POT,1.65,1 a 3
22065,CHRISTMAS PUDDING TRINKET POT,0.92,Ate 1
22068,BLACK PIRATE TREASURE CHEST,1.65,1 a 3
22070,SMALL RED RETROSPOT MUG IN BOX,3.75,3 a 10
22071,SMALL WHITE RETROSPOT MUG IN BOX,3.75,3 a 10
22072,RED RETROSPOT TEA CUP AND SAUCER,3.66,3 a 10
22073,RED RETROSPOT STORAGE JAR,3.75,3 a 10
22076,6 RIBBONS EMPIRE,1.65,1 a 3
22077,6 RIBBONS RUSTIC CHARM,1.69,1 a 3
22078,RIBBON REEL LACE DESIGN,2.1,1 a 3
22079,RIBBON REEL HEARTS DESIGN,1.65,1 a 3
22080,RIBBON REEL POLKADOTS,1.65,1 a 3
22081,RIBBON REEL FLORA + FAUNA,1.65,1 a 3
22082,RIBBON REEL STRIPES DESIGN,1.65,1 a 3
22083,PAPER CHAIN KIT RETROSPOT,2.82,1 a 3
22084,PAPER CHAIN KIT EMPIRE,2.95,1 a 3
22085,PAPER CHAIN KIT SKULLS,2.75,1 a 3
22086,PAPER CHAIN KIT 50'S CHRISTMAS,2.95,1 a 3
22087,PAPER BUNTING WHITE LACE,2.95,1 a 3
22088,PAPER BUNTING COLOURED LACE,2.95,1 a 3
22089,PAPER BUNTING VINTAGE PAISLEY,2.95,1 a 3
22090,PAPER BUNTING RETROSPOT,2.9,1 a 3
22091,EMPIRE TISSUE BOX,0.68,Ate 1
22093,MOTORING TISSUE BOX,1.25,1 a 3
22094,RED RETROSPOT TISSUE BOX,1.25,1 a 3
22099,CARAVAN SQUARE TISSUE BOX,0.39,Ate 1
22109,FULL ENGLISH BREAKFAST PLATE,3.75,3 a 10
22110,BIRD HOUSE HOT WATER BOTTLE,2.55,1 a 3
22111,SCOTTIE DOG HOT WATER BOTTLE,4.95,3 a 10
22112,CHOCOLATE HOT WATER BOTTLE,4.95,3 a 10
22113,GREY HEART HOT WATER BOTTLE,4.0,3 a 10
22114,HOT WATER BOTTLE TEA AND SYMPATHY,3.95,3 a 10
22115,METAL SIGN EMPIRE TEA,1.33,1 a 3
22116,METAL SIGN HIS DINNER IS SERVED,2.95,1 a 3
22118,JOY WOODEN BLOCK LETTERS,4.95,3 a 10
22120,WELCOME  WOODEN BLOCK LETTERS,9.95,3 a 10
22121,NOEL WOODEN BLOCK LETTERS,5.95,3 a 10
22124,SET OF 2 TEA TOWELS PING MICROWAVE,2.95,1 a 3
22129,PARTY CONES CANDY TREE DECORATION,0.85,Ate 1
22130,PARTY CONE CHRISTMAS DECORATION,0.85,Ate 1
22131,FOOD CONTAINER SET 3 LOVE HEART,1.95,1 a 3
22132,RED LOVE HEART SHAPE CUP,0.85,Ate 1
22133,PINK LOVE HEART SHAPE CUP,0.85,Ate 1
22134,MINI LADLE LOVE HEART RED,0.42,Ate 1
22136,LOVE HEART SOCK HANGER,1.65,1 a 3
22138,BAKING SET 9 PIECE RETROSPOT,4.93,3 a 10
22139,RETROSPOT TEA SET CERAMIC 11 PC,4.89,3 a 10
22141,CHRISTMAS CRAFT TREE TOP ANGEL,2.1,1 a 3
22142,CHRISTMAS CRAFT WHITE FAIRY,1.45,1 a 3
22144,CHRISTMAS CRAFT LITTLE FRIENDS,2.1,1 a 3
22149,FELTCRAFT 6 FLOWER FRIENDS,2.1,1 a 3
22150,3 STRIPEY MICE FELTCRAFT,1.95,1 a 3
22151,PLACE SETTING WHITE HEART,0.42,Ate 1
22153,ANGEL DECORATION STARS ON DRESS,0.42,Ate 1
22170,PICTURE FRAME WOOD TRIPLE PORTRAIT,6.75,3 a 10
22174,PHOTO CUBE,1.65,1 a 3
22175,PINK OWL SOFT TOY,2.95,1 a 3
22176,BLUE OWL SOFT TOY,2.95,1 a 3
22178,VICTORIAN GLASS HANGING T-LIGHT,1.6,1 a 3
22179,SET 10 NIGHT OWL LIGHTS,6.75,3 a 10
22180,RETROSPOT LAMP,9.95,3 a 10
22181,SNOWSTORM PHOTO FRAME FRIDGE MAGNET,0.85,Ate 1
22189,CREAM HEART CARD HOLDER,3.95,3 a 10
22191,IVORY DINER WALL CLOCK,8.5,3 a 10
22192,BLUE DINER WALL CLOCK,8.5,3 a 10
22193,RED DINER WALL CLOCK,8.5,3 a 10
22195,LARGE HEART MEASURING SPOONS,1.65,1 a 3
22197,SMALL POPCORN HOLDER,0.85,Ate 1
22198,LARGE POPCORN HOLDER,1.65,1 a 3
22199,FRYING PAN RED RETROSPOT,4.25,3 a 10
22200,FRYING PAN PINK POLKADOT,4.25,3 a 10
22203,MILK PAN RED RETROSPOT,3.75,3 a 10
22204,MILK PAN BLUE POLKADOT,3.75,3 a 10
22207,FRYING PAN UNION FLAG,4.25,3 a 10
22208,WOOD STAMP SET THANK YOU,0.83,Ate 1
22209,WOOD STAMP SET HAPPY BIRTHDAY,1.65,1 a 3
22210,WOOD STAMP SET BEST WISHES,0.83,Ate 1
22211,WOOD STAMP SET FLOWERS,0.83,Ate 1
22215,CAKE STAND WHITE TWO TIER LACE,7.9,3 a 10
22219,LOVEBIRD HANGING DECORATION WHITE,0.85,Ate 1
22221,CAKE STAND LOVEBIRD 2 TIER PINK,9.95,3 a 10
22222,CAKE PLATE LOVEBIRD WHITE,2.95,1 a 3
22223,CAKE PLATE LOVEBIRD PINK,1.95,1 a 3
22224,WHITE LOVEBIRD LANTERN,2.95,1 a 3
22227,HANGING HEART MIRROR DECORATION,0.65,Ate 1
22228,BUNNY WOODEN PAINTED WITH BIRD,0.39,Ate 1
22231,JIGSAW TREE WITH BIRDHOUSE,1.45,1 a 3
22232,JIGSAW TOADSTOOLS 3 PIECE,0.59,Ate 1
22236,CAKE STAND 3 TIER MAGIC GARDEN,12.3,Acima de 10
22242,5 HOOK HANGER MAGIC TOADSTOOL,1.65,1 a 3
22243,5 HOOK HANGER RED MAGIC TOADSTOOL,1.65,1 a 3
22244,3 HOOK HANGER MAGIC GARDEN,1.95,1 a 3
22254,FELT TOADSTOOL LARGE,1.25,1 a 3
22255,FELT TOADSTOOL  SMALL,0.85,Ate 1
22262,FELT EGG COSY CHICKEN,0.85,Ate 1
22264,FELT FARM ANIMAL WHITE BUNNY,0.19,Ate 1
22269,EGG CUP NATURAL CHICKEN,1.25,1 a 3
22271,FELTCRAFT DOLL ROSIE,2.95,1 a 3
22272,FELTCRAFT DOLL MARIA,2.95,1 a 3
22273,FELTCRAFT DOLL MOLLY,2.95,1 a 3
22274,FELTCRAFT DOLL EMILY,2.95,1 a 3
22282,12 EGG HOUSE PAINTED WOOD,12.75,Acima de 10
22285,HANGING HEN ON NEST DECORATION,1.65,1 a 3
22294,HEART FILIGREE DOVE  SMALL,1.25,1 a 3
22295,HEART FILIGREE DOVE LARGE,1.65,1 a 3
22299,PIG KEYRING WITH LIGHT & SOUND,1.25,1 a 3
22300,COFFEE MUG DOG + BALL DESIGN,2.55,1 a 3
22301,COFFEE MUG CAT + BIRD DESIGN,2.55,1 a 3
22302,COFFEE MUG PEARS  DESIGN,2.52,1 a 3
22303,COFFEE MUG APPLES DESIGN,2.53,1 a 3
22305,COFFEE MUG PINK PAISLEY DESIGN,2.55,1 a 3
22306,SILVER MUG BONE CHINA TREE OF LIFE,1.06,1 a 3
22309,TEA COSY RED  STRIPE,2.55,1 a 3
22311,OFFICE MUG WARMER BLACK+SILVER,2.95,1 a 3
22312,OFFICE MUG WARMER POLKADOT,2.95,1 a 3
22313,OFFICE MUG WARMER PINK,2.95,1 a 3
22314,OFFICE MUG WARMER CHOC+BLUE,2.95,1 a 3
22315,200 RED + WHITE BENDY STRAWS,1.25,1 a 3
22318,FIVE HEART HANGING DECORATION,2.95,1 a 3
22319,HAIRCLIPS FORTIES FABRIC ASSORTED,0.65,Ate 1
22320,BIRDS MOBILE VINTAGE DESIGN,5.95,3 a 10
22321,BIRD DECORATION RED RETROSPOT,0.85,Ate 1
22322,BIRD DECORATION GREEN POLKADOT,0.85,Ate 1
22324,BLUE POLKADOT KIDS BAG,1.95,1 a 3
22325,MOBILE VINTAGE HEARTS,4.95,3 a 10
22326,ROUND SNACK BOXES SET OF4 WOODLAND,2.94,1 a 3
22327,ROUND SNACK BOXES SET OF 4 SKULLS,2.95,1 a 3
22328,ROUND SNACK BOXES SET OF 4 FRUITS,2.94,1 a 3
22329,ROUND CONTAINER SET OF 5 RETROSPOT,1.65,1 a 3
22331,WOODLAND PARTY BAG + STICKER SET,1.65,1 a 3
22332,SKULLS PARTY BAG + STICKER SET,1.65,1 a 3
22333,RETROSPOT PARTY BAG + STICKER SET,1.65,1 a 3
22334,DINOSAUR PARTY BAG + STICKER SET,1.65,1 a 3
22335,HEART DECORATION PAINTED ZINC,0.65,Ate 1
22338,STAR DECORATION PAINTED ZINC,0.19,Ate 1
22339,CHRISTMAS TREE PAINTED ZINC,0.19,Ate 1
22340,NOEL GARLAND PAINTED ZINC,1.02,1 a 3
22341,LOVE GARLAND PAINTED ZINC,1.65,1 a 3
22343,PARTY PIZZA DISH RED RETROSPOT,0.85,Ate 1
22344,PARTY PIZZA DISH PINK POLKADOT,0.85,Ate 1
22346,PARTY PIZZA DISH GREEN POLKADOT,0.85,Ate 1
22348,TEA BAG PLATE RED RETROSPOT,0.85,Ate 1
22349,DOG BOWL CHASING BALL DESIGN,3.75,3 a 10
22350,ILLUSTRATED CAT BOWL,2.55,1 a 3
22352,LUNCH BOX WITH CUTLERY RETROSPOT,2.55,1 a 3
22354,RETROSPOT PADDED SEAT CUSHION,3.75,3 a 10
22355,CHARLOTTE BAG SUKI DESIGN,0.85,Ate 1
22356,CHARLOTTE BAG PINK POLKADOT,0.85,Ate 1
22357,KINGS CHOICE BISCUIT TIN,4.25,3 a 10
22358,KINGS CHOICE TEA CADDY,2.95,1 a 3
22361,GLASS JAR DAISY FRESH COTTON WOOL,2.95,1 a 3
22362,GLASS JAR PEACOCK BATH SALTS,2.95,1 a 3
22365,DOORMAT RESPECTABLE HOUSE,7.98,3 a 10
22366,DOORMAT AIRMAIL,7.95,3 a 10
22367,CHILDRENS APRON SPACEBOY DESIGN,1.94,1 a 3
22371,AIRLINE BAG VINTAGE TOKYO 78,4.25,3 a 10
22372,AIRLINE BAG VINTAGE WORLD CHAMPION,4.15,3 a 10
22374,AIRLINE BAG VINTAGE JET SET RED,4.25,3 a 10
22375,AIRLINE BAG VINTAGE JET SET BROWN,4.25,3 a 10
22376,AIRLINE BAG VINTAGE JET SET WHITE,4.25,3 a 10
22377,BOTTLE BAG RETROSPOT,1.68,1 a 3
22378,WALL TIDY RETROSPOT,2.1,1 a 3
22379,RECYCLING BAG RETROSPOT,2.1,1 a 3
22380,TOY TIDY SPACEBOY,2.1,1 a 3
22381,TOY TIDY PINK POLKADOT,2.1,1 a 3
22382,LUNCH BAG SPACEBOY DESIGN,1.65,1 a 3
22383,LUNCH BAG SUKI  DESIGN,1.65,1 a 3
22384,LUNCH BAG PINK POLKADOT,1.65,1 a 3
22385,JUMBO BAG SPACEBOY DESIGN,2.05,1 a 3
22386,JUMBO BAG PINK POLKADOT,2.03,1 a 3
22389,PAPERWEIGHT SAVE THE PLANET,2.55,1 a 3
22390,PAPERWEIGHT CHILDHOOD MEMORIES,2.12,1 a 3
22393,PAPERWEIGHT VINTAGE COLLAGE,2.55,1 a 3
22394,PAPERWEIGHT KINGS CHOICE,0.85,Ate 1
22396,MAGNETS PACK OF 4 RETRO PHOTO,0.53,Ate 1
22398,MAGNETS PACK OF 4 SWALLOWS,0.79,Ate 1
22399,MAGNETS PACK OF 4 CHILDHOOD MEMORY,1.25,1 a 3
22400,MAGNETS PACK OF 4 HOME SWEET HOME,0.56,Ate 1
22402,MAGNETS PACK OF 4 VINTAGE COLLAGE,0.76,Ate 1
22403,MAGNETS PACK OF 4 VINTAGE LABELS,0.68,Ate 1
22406,MONEY BOX KINGS CHOICE DESIGN,1.25,1 a 3
22408,MONEY BOX CONFECTIONERY DESIGN,1.25,1 a 3
22411,JUMBO SHOPPER VINTAGE RED PAISLEY,2.08,1 a 3
22412,METAL SIGN NEIGHBOURHOOD WITCH,2.1,1 a 3
22413,METAL SIGN TAKE IT OR LEAVE IT,2.95,1 a 3
22414,DOORMAT NEIGHBOURHOOD WITCH,6.75,3 a 10
22416,SET OF 36 DOILIES SPACEBOY DESIGN,1.45,1 a 3
22417,PACK OF 60 SPACEBOY CAKE CASES,0.55,Ate 1
22418,10 COLOUR SPACEBOY PEN,0.85,Ate 1
22419,LIPSTICK PEN RED,0.42,Ate 1
22422,TOOTHPASTE TUBE PEN,0.65,Ate 1
22423,REGENCY CAKESTAND 3 TIER,12.48,Acima de 10
22425,ENAMEL COLANDER CREAM,4.95,3 a 10
22427,ENAMEL FLOWER JUG CREAM,5.95,3 a 10
22431,WATERING CAN BLUE ELEPHANT,1.95,1 a 3
22432,WATERING CAN PINK BUNNY,1.95,1 a 3
22433,WATERING CAN GREEN DINOSAUR,1.95,1 a 3
22434,BALLOON PUMP WITH 10 BALLOONS,1.95,1 a 3
22435,SET OF 9 HEART SHAPED BALLOONS,1.23,1 a 3
22436,12 COLOURED PARTY BALLOONS,0.65,Ate 1
22437,SET OF 9 BLACK SKULL BALLOONS,0.85,Ate 1
22438,BALLOON ART MAKE YOUR OWN FLOWERS,1.95,1 a 3
22439,6 ROCKET BALLOONS,0.65,Ate 1
22440,BALLOON WATER BOMB PACK OF 35,0.42,Ate 1
22443,GROW YOUR OWN HERBS SET OF 3,7.95,3 a 10
22444,GROW YOUR OWN PLANT IN A CAN,1.25,1 a 3
22445,PENCIL CASE LIFE IS BEAUTIFUL,2.95,1 a 3
22449,SILK PURSE BABUSHKA PINK,3.35,3 a 10
22450,SILK PURSE BABUSHKA BLUE,3.35,3 a 10
22451,SILK PURSE BABUSHKA RED,3.35,3 a 10
22452,MEASURING TAPE BABUSHKA PINK,2.95,1 a 3
22453,MEASURING TAPE BABUSHKA BLUE,2.95,1 a 3
22454,MEASURING TAPE BABUSHKA RED,2.95,1 a 3
22456,NATURAL SLATE CHALKBOARD LARGE,4.95,3 a 10
22457,NATURAL SLATE HEART CHALKBOARD,2.95,1 a 3
22459,CAST IRON HOOK GARDEN TROWEL,2.55,1 a 3
22466,FAIRY TALE COTTAGE NIGHTLIGHT,1.92,1 a 3
22467,GUMBALL COAT RACK,2.43,1 a 3
22468,BABUSHKA LIGHTS STRING OF 10,6.75,3 a 10
22469,HEART OF WICKER SMALL,1.65,1 a 3
22471,TV DINNER TRAY AIR HOSTESS,4.95,3 a 10
22472,TV DINNER TRAY DOLLY GIRL,4.95,3 a 10
22474,SPACEBOY TV DINNER TRAY,4.95,3 a 10
22475,SKULL DESIGN TV DINNER TRAY,4.95,3 a 10
22480,RED TEA TOWEL CLASSIC DESIGN,1.25,1 a 3
22482,BLUE TEA TOWEL CLASSIC DESIGN,1.25,1 a 3
22483,RED GINGHAM TEDDY BEAR,2.95,1 a 3
22485,SET OF 2 WOODEN MARKET CRATES,12.75,Acima de 10
22489,PACK OF 12 TRADITIONAL CRAYONS,0.4,Ate 1
22491,PACK OF 12 COLOURED PENCILS,0.85,Ate 1
22492,MINI PAINT SET VINTAGE,0.65,Ate 1
22493,PAINT YOUR OWN CANVAS SET,1.65,1 a 3
22495,SET OF 2 ROUND TINS CAMEMBERT,2.95,1 a 3
22498,WOODEN REGATTA BUNTING,5.95,3 a 10
22499,WOODEN UNION JACK BUNTING,5.95,3 a 10
22500,SET OF 2 TINS JARDIN DE PROVENCE,4.95,3 a 10
22501,PICNIC BASKET WICKER LARGE,9.95,3 a 10
22502,PICNIC BASKET WICKER SMALL,5.95,3 a 10
22504,CABIN BAG VINTAGE RETROSPOT,21.35,Acima de 10
22505,MEMO BOARD COTTAGE DESIGN,4.95,3 a 10
22507,MEMO BOARD RETROSPOT  DESIGN,4.95,3 a 10
22508,DOORSTOP RETROSPOT HEART,3.75,3 a 10
22514,CHILDS GARDEN SPADE BLUE,2.1,1 a 3
22515,CHILDS GARDEN SPADE PINK,2.1,1 a 3
22516,CHILDS GARDEN RAKE BLUE,2.1,1 a 3
22517,CHILDS GARDEN RAKE PINK,2.1,1 a 3
22518,CHILDS GARDEN BRUSH BLUE,2.1,1 a 3
22519,CHILDS GARDEN BRUSH PINK,2.1,1 a 3
22520,CHILDS GARDEN TROWEL BLUE,0.85,Ate 1
22521,CHILDS GARDEN TROWEL PINK,0.85,Ate 1
22522,CHILDS GARDEN FORK BLUE,0.85,Ate 1
22523,CHILDS GARDEN FORK PINK,0.85,Ate 1
22524,CHILDRENS GARDEN GLOVES BLUE,1.25,1 a 3
22525,CHILDRENS GARDEN GLOVES PINK,1.25,1 a 3
22526,WHEELBARROW FOR CHILDREN,12.75,Acima de 10
22529,MAGIC DRAWING SLATE GO TO THE FAIR,0.42,Ate 1
22530,MAGIC DRAWING SLATE DOLLY GIRL,0.42,Ate 1
22531,MAGIC DRAWING SLATE CIRCUS PARADE,0.42,Ate 1
22532,MAGIC DRAWING SLATE LEAP FROG,0.42,Ate 1
22534,MAGIC DRAWING SLATE SPACEBOY,0.42,Ate 1
22535,MAGIC DRAWING SLATE BUNNIES,0.42,Ate 1
22537,MAGIC DRAWING SLATE DINOSAUR,0.42,Ate 1
22539,MINI JIGSAW DOLLY GIRL,0.42,Ate 1
22540,MINI JIGSAW CIRCUS PARADE,0.4,Ate 1
22541,MINI JIGSAW LEAP FROG,0.42,Ate 1
22544,MINI JIGSAW SPACEBOY,0.4,Ate 1
22546,MINI JIGSAW PURDEY,0.42,Ate 1
22548,HEADS AND TAILS SPORTING FUN,1.25,1 a 3
22549,PICTURE DOMINOES,1.45,1 a 3
22550,HOLIDAY FUN LUDO,3.75,3 a 10
22551,PLASTERS IN TIN SPACEBOY,1.64,1 a 3
22553,PLASTERS IN TIN SKULLS,1.65,1 a 3
22554,PLASTERS IN TIN WOODLAND ANIMALS,1.65,1 a 3
22555,PLASTERS IN TIN STRONGMAN,1.64,1 a 3
22556,PLASTERS IN TIN CIRCUS PARADE,1.65,1 a 3
22557,PLASTERS IN TIN VINTAGE PAISLEY,1.65,1 a 3
22558,CLOTHES PEGS RETROSPOT PACK 24,1.53,1 a 3
22559,SEASIDE FLYING DISC,1.2,1 a 3
22560,TRADITIONAL MODELLING CLAY,1.18,1 a 3
22561,WOODEN SCHOOL COLOURING SET,1.65,1 a 3
22562,MONSTERS STENCIL CRAFT,1.25,1 a 3
22563,HAPPY STENCIL CRAFT,1.25,1 a 3
22565,FELTCRAFT HAIRBANDS PINK AND WHITE,0.85,Ate 1
22567,20 DOLLY PEGS RETROSPOT,1.35,1 a 3
22568,FELTCRAFT CUSHION OWL,3.75,3 a 10
22569,FELTCRAFT CUSHION BUTTERFLY,3.75,3 a 10
22570,FELTCRAFT CUSHION RABBIT,3.75,3 a 10
22571,ROCKING HORSE RED CHRISTMAS,0.85,Ate 1
22572,ROCKING HORSE GREEN CHRISTMAS,0.85,Ate 1
22573,STAR WOODEN CHRISTMAS DECORATION,0.85,Ate 1
22574,HEART WOODEN CHRISTMAS DECORATION,0.85,Ate 1
22575,METAL MERRY CHRISTMAS WREATH,1.95,1 a 3
22576,SWALLOW WOODEN CHRISTMAS DECORATION,0.85,Ate 1
22577,WOODEN HEART CHRISTMAS SCANDINAVIAN,0.29,Ate 1
22578,WOODEN STAR CHRISTMAS SCANDINAVIAN,0.29,Ate 1
22579,WOODEN TREE CHRISTMAS SCANDINAVIAN,0.29,Ate 1
22580,ADVENT CALENDAR GINGHAM SACK,5.95,3 a 10
22582,PACK OF 6 SWEETIE GIFT BOXES,2.55,1 a 3
22583,PACK OF 6 HANDBAG GIFT BOXES,2.55,1 a 3
22584,PACK OF 6 PANNETONE GIFT BOXES,2.55,1 a 3
22585,PACK OF 6 BIRDY GIFT TAGS,1.25,1 a 3
22586,FELTCRAFT HAIRBAND PINK AND BLUE,0.85,Ate 1
22588,CARD HOLDER GINGHAM HEART,2.72,1 a 3
22591,CARDHOLDER GINGHAM CHRISTMAS TREE,3.25,3 a 10
22593,CHRISTMAS GINGHAM STAR,0.85,Ate 1
22594,CHRISTMAS GINGHAM TREE,0.85,Ate 1
22595,GINGHAM HEART DECORATION,0.85,Ate 1
22596,CHRISTMAS STAR WISH LIST CHALKBOARD,0.82,Ate 1
22601,CHRISTMAS RETROSPOT ANGEL WOOD,0.85,Ate 1
22602,RETROSPOT WOODEN HEART DECORATION,0.85,Ate 1
22603,CHRISTMAS RETROSPOT TREE WOOD,0.85,Ate 1
22604,SET OF 4 NAPKIN CHARMS CUTLERY,2.55,1 a 3
22605,WOODEN CROQUET GARDEN SET,14.32,Acima de 10
22606,WOODEN SKITTLES GARDEN SET,14.67,Acima de 10
22607,WOODEN ROUNDERS GARDEN SET,9.47,3 a 10
22608,PENS ASSORTED FUNKY JEWELED,0.19,Ate 1
22609,PENS ASSORTED SPACEBALL,0.19,Ate 1
22610,PENS ASSORTED FUNNY FACE,0.19,Ate 1
22613,PACK OF 20 SPACEBOY NAPKINS,0.85,Ate 1
22614,PACK OF 12 SPACEBOY TISSUES,0.31,Ate 1
22615,PACK OF 12 CIRCUS PARADE TISSUES,0.31,Ate 1
22616,PACK OF 12 LONDON TISSUES,0.35,Ate 1
22617,BAKING SET SPACEBOY DESIGN,4.95,3 a 10
22619,SET OF 6 SOLDIER SKITTLES,3.75,3 a 10
22620,4 TRADITIONAL SPINNING TOPS,1.36,1 a 3
22621,TRADITIONAL KNITTING NANCY,1.55,1 a 3
22622,BOX OF VINTAGE ALPHABET BLOCKS,11.95,Acima de 10
22623,BOX OF VINTAGE JIGSAW BLOCKS,4.95,3 a 10
22624,IVORY KITCHEN SCALES,8.5,3 a 10
22625,RED KITCHEN SCALES,8.5,3 a 10
22626,BLACK KITCHEN SCALES,8.5,3 a 10
22627,MINT KITCHEN SCALES,8.5,3 a 10
22628,PICNIC BOXES SET OF 3 RETROSPOT,4.95,3 a 10
22629,SPACEBOY LUNCH BOX,1.94,1 a 3
22630,DOLLY GIRL LUNCH BOX,1.94,1 a 3
22631,CIRCUS PARADE LUNCH BOX,1.95,1 a 3
22632,HAND WARMER RED RETROSPOT,2.1,1 a 3
22633,HAND WARMER UNION JACK,2.1,1 a 3
22634,CHILDS BREAKFAST SET SPACEBOY,9.95,3 a 10
22635,CHILDS BREAKFAST SET DOLLY GIRL,9.95,3 a 10
22636,CHILDS BREAKFAST SET CIRCUS PARADE,8.36,3 a 10
22637,PIGGY BANK RETROSPOT,2.55,1 a 3
22638,SET OF 4 NAPKIN CHARMS CROWNS,2.55,1 a 3
22644,CERAMIC CHERRY CAKE MONEY BANK,1.45,1 a 3
22645,CERAMIC HEART FAIRY CAKE MONEY BANK,1.45,1 a 3
22646,CERAMIC STRAWBERRY CAKE MONEY BANK,1.45,1 a 3
22649,STRAWBERRY FAIRY CAKE TEAPOT,4.95,3 a 10
22650,CERAMIC PIRATE CHEST MONEY BANK,1.45,1 a 3
22652,TRAVEL SEWING KIT,1.65,1 a 3
22654,DELUXE SEWING KIT,5.95,3 a 10
22659,LUNCH BOX I LOVE LONDON,1.94,1 a 3
22660,DOORMAT I LOVE LONDON,7.95,3 a 10
22661,CHARLOTTE BAG DOLLY GIRL DESIGN,0.85,Ate 1
22662,LUNCH BAG DOLLY GIRL DESIGN,1.65,1 a 3
22663,JUMBO BAG DOLLY GIRL DESIGN,2.07,1 a 3
22664,TOY TIDY DOLLY GIRL DESIGN,2.1,1 a 3
22666,RECIPE BOX PANTRY YELLOW DESIGN,2.95,1 a 3
22667,RECIPE BOX RETROSPOT,2.95,1 a 3
22668,PINK BABY BUNTING,2.95,1 a 3
22669,RED BABY BUNTING,2.95,1 a 3
22688,DOORMAT PEACE ON EARTH BLUE,7.08,3 a 10
22689,DOORMAT MERRY CHRISTMAS RED,8.1,3 a 10
22690,DOORMAT HOME SWEET HOME BLUE,7.08,3 a 10
22692,DOORMAT WELCOME TO OUR HOME,8.1,3 a 10
22693,GROW A FLYTRAP OR SUNFLOWER IN TIN,1.25,1 a 3
22695,WICKER WREATH SMALL,1.45,1 a 3
22696,WICKER WREATH LARGE,1.95,1 a 3
22697,GREEN REGENCY TEACUP AND SAUCER,2.95,1 a 3
22698,PINK REGENCY TEACUP AND SAUCER,2.95,1 a 3
22699,ROSES REGENCY TEACUP AND SAUCER,2.88,1 a 3
22702,BLACK AND WHITE CAT BOWL,2.1,1 a 3
22704,WRAP RED APPLES,0.42,Ate 1
22705,WRAP GREEN PEARS,0.42,Ate 1
22708,WRAP DOLLY GIRL,0.42,Ate 1
22710,WRAP I LOVE LONDON,0.42,Ate 1
22711,WRAP CIRCUS PARADE,0.42,Ate 1
22712,CARD DOLLY GIRL,0.42,Ate 1
22713,CARD I LOVE LONDON,0.42,Ate 1
22714,CARD BIRTHDAY COWBOY,0.42,Ate 1
22715,CARD WEDDING DAY,0.42,Ate 1
22716,CARD CIRCUS PARADE,0.42,Ate 1
22718,CARD CAT AND TREE,0.42,Ate 1
22720,SET OF 3 CAKE TINS PANTRY DESIGN,4.95,3 a 10
22721,SET OF 3 CAKE TINS SKETCHBOOK,4.95,3 a 10
22722,SET OF 6 SPICE TINS PANTRY DESIGN,3.95,3 a 10
22725,ALARM CLOCK BAKELIKE CHOCOLATE,3.75,3 a 10
22726,ALARM CLOCK BAKELIKE GREEN,3.75,3 a 10
22727,ALARM CLOCK BAKELIKE RED,3.75,3 a 10
22728,ALARM CLOCK BAKELIKE PINK,3.75,3 a 10
22729,ALARM CLOCK BAKELIKE ORANGE,3.75,3 a 10
22730,ALARM CLOCK BAKELIKE IVORY,3.75,3 a 10
22732,3D VINTAGE CHRISTMAS STICKERS,1.25,1 a 3
22733,3D TRADITIONAL CHRISTMAS STICKERS,1.25,1 a 3
22734,SET OF 6 RIBBONS VINTAGE CHRISTMAS,2.89,1 a 3
22736,RIBBON REEL MAKING SNOWMEN,1.65,1 a 3
22737,RIBBON REEL CHRISTMAS PRESENT,1.65,1 a 3
22738,RIBBON REEL SNOWY VILLAGE,1.65,1 a 3
22739,RIBBON REEL CHRISTMAS SOCK BAUBLE,1.65,1 a 3
22740,POLKADOT PEN,0.85,Ate 1
22741,FUNKY DIVA PEN,0.85,Ate 1
22742,MAKE YOUR OWN PLAYTIME CARD KIT,2.95,1 a 3
22743,MAKE YOUR OWN FLOWERPOWER CARD KIT,2.95,1 a 3
22744,MAKE YOUR OWN MONSOON CARD KIT,2.95,1 a 3
22745,POPPY'S PLAYHOUSE BEDROOM,2.1,1 a 3
22746,POPPY'S PLAYHOUSE LIVINGROOM,2.1,1 a 3
22747,POPPY'S PLAYHOUSE BATHROOM,2.1,1 a 3
22748,POPPY'S PLAYHOUSE KITCHEN,2.1,1 a 3
22749,FELTCRAFT PRINCESS CHARLOTTE DOLL,3.75,3 a 10
22750,FELTCRAFT PRINCESS LOLA DOLL,3.75,3 a 10
22751,FELTCRAFT PRINCESS OLIVIA DOLL,3.75,3 a 10
22752,SET 7 BABUSHKA NESTING BOXES,8.09,3 a 10
22753,SMALL YELLOW BABUSHKA NOTEBOOK,0.72,Ate 1
22754,SMALL RED BABUSHKA NOTEBOOK,0.69,Ate 1
22755,SMALL PURPLE BABUSHKA NOTEBOOK,0.64,Ate 1
22756,LARGE YELLOW BABUSHKA NOTEBOOK,0.82,Ate 1
22757,LARGE RED BABUSHKA NOTEBOOK,0.82,Ate 1
22758,LARGE PURPLE BABUSHKA NOTEBOOK,0.82,Ate 1
22759,SET OF 3 NOTEBOOKS IN PARCEL,1.65,1 a 3
22766,PHOTO FRAME CORNICE,2.95,1 a 3
22768,FAMILY PHOTO FRAME CORNICE,9.95,3 a 10
22771,CLEAR DRAWER KNOB ACRYLIC EDWARDIAN,1.25,1 a 3
22774,RED DRAWER KNOB ACRYLIC EDWARDIAN,1.25,1 a 3
22775,PURPLE DRAWERKNOB ACRYLIC EDWARDIAN,1.25,1 a 3
22776,SWEETHEART CAKESTAND 3 TIER,9.95,3 a 10
22778,GLASS CLOCHE SMALL,3.95,3 a 10
22779,WOODEN OWLS LIGHT GARLAND,4.25,3 a 10
22781,GUMBALL MAGAZINE RACK,7.65,3 a 10
22782,SET 3 WICKER STORAGE BASKETS,24.95,Acima de 10
22784,LANTERN CREAM GAZEBO,4.95,3 a 10
22785,SQUARECUSHION COVER PINK UNION FLAG,6.75,3 a 10
22791,T-LIGHT GLASS FLUTED ANTIQUE,1.25,1 a 3
22792,FLUTED ANTIQUE CANDLE HOLDER,0.85,Ate 1
22794,SWEETHEART WIRE MAGAZINE RACK,7.95,3 a 10
22795,SWEETHEART RECIPE BOOK STAND,6.75,3 a 10
22797,CHEST OF DRAWERS GINGHAM HEART,16.95,Acima de 10
22798,ANTIQUE GLASS DRESSING TABLE POT,2.95,1 a 3
22801,ANTIQUE GLASS PEDESTAL BOWL,3.75,3 a 10
22805,BLUE DRAWER KNOB ACRYLIC EDWARDIAN,1.25,1 a 3
22807,SET OF 6 T-LIGHTS TOADSTOOLS,2.95,1 a 3
22809,SET OF 6 T-LIGHTS SANTA,2.95,1 a 3
22810,SET OF 6 T-LIGHTS SNOWMEN,2.95,1 a 3
22811,SET OF 6 T-LIGHTS CACTI,2.95,1 a 3
22813,PACK 3 BOXES BIRD PANNETONE,1.95,1 a 3
22814,CARD PARTY GAMES,0.42,Ate 1
22815,CARD PSYCHEDELIC APPLES,0.42,Ate 1
22816,CARD MOTORBIKE SANTA,0.42,Ate 1
22817,CARD SUKI BIRTHDAY,0.42,Ate 1
22818,CARD CHRISTMAS VILLAGE,0.42,Ate 1
22819,"BIRTHDAY CARD, RETRO SPOT",0.42,Ate 1
22820,GIFT BAG BIRTHDAY,0.65,Ate 1
22821,GIFT BAG PSYCHEDELIC APPLES,0.65,Ate 1
22829,SWEETHEART WIRE WALL TIDY,9.95,3 a 10
22831,WHITE BROCANTE SOAP DISH,2.95,1 a 3
22832,BROCANTE SHELF WITH HOOKS,9.95,3 a 10
22834,HAND WARMER BABUSHKA DESIGN,2.1,1 a 3
22837,HOT WATER BOTTLE BABUSHKA,4.65,3 a 10
22838,3 TIER CAKE TIN RED AND CREAM,14.95,Acima de 10
22840,ROUND CAKE TIN VINTAGE RED,7.95,3 a 10
22841,ROUND CAKE TIN VINTAGE GREEN,7.95,3 a 10
22842,BISCUIT TIN VINTAGE RED,6.75,3 a 10
22843,BISCUIT TIN VINTAGE GREEN,6.75,3 a 10
22844,VINTAGE CREAM DOG FOOD CONTAINER,8.5,3 a 10
22845,VINTAGE CREAM CAT FOOD CONTAINER,6.35,3 a 10
22846,BREAD BIN DINER STYLE RED,15.95,Acima de 10
22847,BREAD BIN DINER STYLE IVORY,16.95,Acima de 10
22848,BREAD BIN DINER STYLE PINK,16.95,Acima de 10
22851,SET 20 NAPKINS FAIRY CAKES DESIGN,0.85,Ate 1
22852,DOG BOWL VINTAGE CREAM,4.25,3 a 10
22853,CAT BOWL VINTAGE CREAM,3.25,3 a 10
22854,CREAM SWEETHEART EGG HOLDER,4.95,3 a 10
22856,ASSORTED EASTER DECORATIONS  BELLS,1.25,1 a 3
22857,ASSORTED EASTER GIFT TAGS,0.85,Ate 1
22858,EASTER TIN KEEPSAKE,1.65,1 a 3
22859,EASTER TIN BUNNY BOUQUET,1.65,1 a 3
22860,EASTER TIN CHICKS PINK DAISY,1.65,1 a 3
22861,EASTER TIN CHICKS IN GARDEN,1.65,1 a 3
22863,SOAP DISH BROCANTE,2.95,1 a 3
22866,HAND WARMER SCOTTY DOG DESIGN,2.1,1 a 3
22867,HAND WARMER BIRD DESIGN,2.1,1 a 3
22890,NOVELTY BISCUITS CAKE STAND 3 TIER,9.95,3 a 10
22891,TEA FOR ONE POLKADOT,4.25,3 a 10
22892,SET OF SALT AND PEPPER TOADSTOOLS,1.25,1 a 3
22893,MINI CAKE STAND T-LIGHT HOLDER,0.42,Ate 1
22894,TABLECLOTH RED APPLES DESIGN,9.49,3 a 10
22895,SET OF 2 TEA TOWELS APPLE AND PEARS,3.11,3 a 10
22897,OVEN MITT APPLES DESIGN,1.45,1 a 3
22898,CHILDRENS APRON APPLES DESIGN,1.93,1 a 3
22899,CHILDREN'S APRON DOLLY GIRL,2.09,1 a 3
22900,SET 2 TEA TOWELS I LOVE LONDON,3.18,3 a 10
22902,TOTE BAG I LOVE LONDON,2.1,1 a 3
22904,CALENDAR PAPER CUT DESIGN,2.95,1 a 3
22906,12 MESSAGE CARDS WITH ENVELOPES,1.65,1 a 3
22907,PACK OF 20 NAPKINS PANTRY DESIGN,0.82,Ate 1
22908,PACK OF 20 NAPKINS RED APPLES,0.85,Ate 1
22909,SET OF 20 VINTAGE CHRISTMAS NAPKINS,0.85,Ate 1
22910,PAPER CHAIN KIT VINTAGE CHRISTMAS,2.95,1 a 3
22911,PAPER CHAIN KIT LONDON,2.95,1 a 3
22912,YELLOW COAT RACK PARIS FASHION,4.95,3 a 10
22913,RED COAT RACK PARIS FASHION,4.95,3 a 10
22914,BLUE COAT RACK PARIS FASHION,4.95,3 a 10
22915,ASSORTED BOTTLE TOP  MAGNETS,0.42,Ate 1
22922,FRIDGE MAGNETS US DINER ASSORTED,0.81,Ate 1
22923,FRIDGE MAGNETS LES ENFANTS ASSORTED,0.76,Ate 1
22924,FRIDGE MAGNETS LA VIE EN ROSE,0.78,Ate 1
22926,IVORY GIANT GARDEN THERMOMETER,5.95,3 a 10
22927,GREEN GIANT GARDEN THERMOMETER,5.95,3 a 10
22928,YELLOW GIANT GARDEN THERMOMETER,5.95,3 a 10
22930,BAKING MOULD HEART MILK CHOCOLATE,2.55,1 a 3
22931,BAKING MOULD HEART WHITE CHOCOLATE,2.55,1 a 3
22933,BAKING MOULD EASTER EGG MILK CHOC,2.95,1 a 3
22934,BAKING MOULD EASTER EGG WHITE CHOC,2.95,1 a 3
22937,BAKING MOULD CHOCOLATE CUPCAKES,2.55,1 a 3
22938,CUPCAKE LACE PAPER SET 6,1.95,1 a 3
22939,ADULT APRON APPLE DELIGHT,4.95,3 a 10
22940,FELTCRAFT CHRISTMAS FAIRY,4.25,3 a 10
22941,CHRISTMAS LIGHTS 10 REINDEER,8.5,3 a 10
22942,CHRISTMAS LIGHTS 10 SANTAS,8.5,3 a 10
22943,CHRISTMAS LIGHTS 10 VINTAGE BAUBLES,4.95,3 a 10
22944,CHRISTMAS METAL POSTCARD WITH BELLS,0.39,Ate 1
22945,CHRISTMAS METAL TAGS ASSORTED,0.85,Ate 1
22946,WOODEN ADVENT CALENDAR CREAM,16.95,Acima de 10
22947,WOODEN ADVENT CALENDAR RED,7.95,3 a 10
22948,METAL DECORATION NAUGHTY CHILDREN,0.85,Ate 1
22949,36 DOILIES DOLLY GIRL,1.45,1 a 3
22950,36 DOILIES VINTAGE CHRISTMAS,1.45,1 a 3
22951,60 CAKE CASES DOLLY GIRL DESIGN,0.55,Ate 1
22952,60 CAKE CASES VINTAGE CHRISTMAS,0.55,Ate 1
22955,36 FOIL STAR CAKE CASES,2.1,1 a 3
22956,36 FOIL HEART CAKE CASES,2.1,1 a 3
22957,SET 3 PAPER VINTAGE CHICK PAPER EGG,2.95,1 a 3
22959,WRAP CHRISTMAS VILLAGE,0.42,Ate 1
22960,JAM MAKING SET WITH JARS,4.25,3 a 10
22961,JAM MAKING SET PRINTED,1.45,1 a 3
22962,JAM JAR WITH PINK LID,0.81,Ate 1
22963,JAM JAR WITH GREEN LID,0.81,Ate 1
22964,3 PIECE SPACEBOY COOKIE CUTTER SET,2.1,1 a 3
22965,3 TRADITIONAl BISCUIT CUTTERS  SET,2.1,1 a 3
22966,GINGERBREAD MAN COOKIE CUTTER,1.25,1 a 3
22967,SET 3 SONG BIRD PAPER EGGS ASSORTED,2.95,1 a 3
22968,ROSE COTTAGE KEEPSAKE BOX,8.5,3 a 10
22969,HOMEMADE JAM SCENTED CANDLES,1.45,1 a 3
22970,LONDON BUS COFFEE MUG,2.55,1 a 3
22971,QUEENS GUARD COFFEE MUG,2.51,1 a 3
22972,CHILDREN'S SPACEBOY MUG,1.65,1 a 3
22973,CHILDREN'S CIRCUS PARADE MUG,1.65,1 a 3
22974,CHILDRENS DOLLY GIRL MUG,1.65,1 a 3
22975,SPACEBOY CHILDRENS EGG CUP,1.25,1 a 3
22976,CIRCUS PARADE CHILDRENS EGG CUP,1.25,1 a 3
22977,DOLLY GIRL CHILDRENS EGG CUP,1.25,1 a 3
22978,PANTRY ROLLING PIN,3.75,3 a 10
22979,PANTRY WASHING UP BRUSH,1.45,1 a 3
22980,PANTRY SCRUBBING BRUSH,1.65,1 a 3
22983,CARD BILLBOARD FONT,0.42,Ate 1
22984,CARD GINGHAM ROSE,0.42,Ate 1
22986,WRAP GINGHAM ROSE,0.42,Ate 1
22988,SOLDIERS EGG CUP,1.25,1 a 3
22989,SET 2 PANTRY DESIGN TEA TOWELS,3.19,3 a 10
22990,COTTON APRON PANTRY DESIGN,4.95,3 a 10
22991,GIRAFFE WOODEN RULER,1.95,1 a 3
22992,REVOLVER WOODEN RULER,1.95,1 a 3
22993,SET OF 4 PANTRY JELLY MOULDS,1.25,1 a 3
22994,TRAVEL CARD WALLET RETROSPOT,0.42,Ate 1
22996,TRAVEL CARD WALLET VINTAGE TICKET,0.42,Ate 1
22997,TRAVEL CARD WALLET UNION JACK,0.42,Ate 1
22998,TRAVEL CARD WALLET KEEP CALM,0.42,Ate 1
22999,TRAVEL CARD WALLET RETRO PETALS,0.42,Ate 1
23000,TRAVEL CARD WALLET TRANSPORT,0.42,Ate 1
23003,TRAVEL CARD WALLET VINTAGE ROSE,0.42,Ate 1
23004,TRAVEL CARD WALLET PANTRY,0.42,Ate 1
23005,TRAVEL CARD WALLET I LOVE LONDON,0.42,Ate 1
23006,TRAVEL CARD WALLET FLOWER MEADOW,0.42,Ate 1
23007,SPACEBOY BABY GIFT SET,16.08,Acima de 10
23008,DOLLY GIRL BABY GIFT SET,16.28,Acima de 10
23009,I LOVE LONDON BABY GIFT SET,16.09,Acima de 10
23010,CIRCUS PARADE BABY GIFT SET,15.45,Acima de 10
23015,CORDIAL GLASS JUG,8.25,3 a 10
23020,GLASS  SONGBIRD STORAGE JAR,12.5,Acima de 10
23021,GLASS BONNE JAM JAR,4.15,3 a 10
23024,LARGE BONNE JAM JAR  T-LIGHT HOLDER,2.89,1 a 3
23025,DRAWER KNOB VINTAGE GLASS BALL,2.08,1 a 3
23026,DRAWER KNOB VINTAGE GLASS STAR,2.08,1 a 3
23027,DRAWER KNOB VINTAGE GLASS HEXAGON,2.08,1 a 3
23028,DRAWER KNOB CRACKLE GLAZE BLUE,1.65,1 a 3
23029,DRAWER KNOB CRACKLE GLAZE GREEN,1.65,1 a 3
23031,DRAWER KNOB CRACKLE GLAZE PINK,1.65,1 a 3
23033,DRAWER KNOB CERAMIC RED,1.45,1 a 3
23035,DRAWER KNOB CERAMIC IVORY,1.45,1 a 3
23040,PAPER LANTERN 9 POINT SNOW STAR,5.75,3 a 10
23048,SET OF 10 LANTERNS FAIRY LIGHT STAR,4.15,3 a 10
23049,RECYCLED ACAPULCO MAT RED,8.25,3 a 10
23050,RECYCLED ACAPULCO MAT GREEN,8.25,3 a 10
23051,RECYCLED ACAPULCO MAT BLUE,8.25,3 a 10
23052,RECYCLED ACAPULCO MAT TURQUOISE,8.25,3 a 10
23053,RECYCLED ACAPULCO MAT PINK,8.25,3 a 10
23054,RECYCLED ACAPULCO MAT LAVENDER,8.25,3 a 10
23058,CHRISTMAS HANGING SNOWFLAKE,0.79,Ate 1
23065,LARGE DECO JEWELLERY STAND,12.5,Acima de 10
23066,SMALL DECO JEWELLERY STAND,8.25,3 a 10
23068,ALUMINIUM STAMPED HEART,2.49,1 a 3
23071,MARIE ANTOINETTE TRINKET BOX GOLD,12.5,Acima de 10
23072,MARIE ANTOINETTE TRINKET BOX SILVER,12.5,Acima de 10
23075,PARLOUR CERAMIC WALL HOOK,4.15,3 a 10
23076,ICE CREAM SUNDAE LIP GLOSS,1.25,1 a 3
23077,DOUGHNUT LIP GLOSS,1.25,1 a 3
23078,ICE CREAM PEN LIP GLOSS,1.25,1 a 3
23079,TOADSTOOL BEDSIDE LIGHT,8.95,3 a 10
23080,RED METAL BOX TOP SECRET,8.25,3 a 10
23081,GREEN METAL BOX ARMY SUPPLIES,8.25,3 a 10
23082,SET 6 PAPER TABLE LANTERN HEARTS,3.75,3 a 10
23083,SET 6 PAPER TABLE LANTERN STARS,3.75,3 a 10
23084,RABBIT NIGHT LIGHT,1.89,1 a 3
23085,ANTIQUE SILVER BAUBLE LAMP,10.4,Acima de 10
23086,ZINC  STAR T-LIGHT HOLDER,1.25,1 a 3
23090,VINTAGE GLASS T-LIGHT HOLDER,0.83,Ate 1
23091,ZINC HERB GARDEN CONTAINER,6.25,3 a 10
23100,SILVER BELLS TABLE DECORATION,1.25,1 a 3
23101,SILVER STARS TABLE DECORATION,0.83,Ate 1
23103,JINGLE BELL HEART DECORATION,1.65,1 a 3
23107,WHITE HEARTS WIRE PLANT POT HOLDER,2.89,1 a 3
23108,SET OF 10 LED DOLLY LIGHTS,6.08,3 a 10
23109,LED TEA LIGHTS,2.89,1 a 3
23110,PARISIENNE KEY CABINET,5.75,3 a 10
23111,PARISIENNE SEWING BOX,12.5,Acima de 10
23112,PARISIENNE CURIO CABINET,7.5,3 a 10
23114,VINTAGE LEAF CHOPPING BOARD,4.95,3 a 10
23115,RED APPLES CHOPPING BOARD,4.95,3 a 10
23116,VEGETABLE GARDEN CHOPPING BOARD,4.95,3 a 10
23117,POPPY FIELDS CHOPPING BOARD,4.95,3 a 10
23118,PARISIENNE JEWELLERY DRAWER,7.5,3 a 10
23119,PACK OF 6 LARGE FRUIT STRAWS,0.62,Ate 1
23120,PACK OF 6 SMALL FRUIT STRAWS,0.42,Ate 1
23121,PACK OF 6 COCKTAIL PARASOL STRAWS,0.42,Ate 1
23123,COCKTAIL SWORDS 50 PIECES,0.83,Ate 1
23124,18PC WOODEN CUTLERY SET DISPOSABLE,1.25,1 a 3
23125,6PC WOOD PLATE SET DISPOSABLE,1.25,1 a 3
23126,FELTCRAFT GIRL AMELIE KIT,4.95,3 a 10
23128,FELTCRAFT BOY JEAN-PAUL KIT,4.95,3 a 10
23129,HEART SHAPED HOLLY WREATH,4.15,3 a 10
23133,LARGE IVORY HEART WALL ORGANISER,7.05,3 a 10
23144,ZINC T-LIGHT HOLDER STARS SMALL,0.83,Ate 1
23145,ZINC T-LIGHT HOLDER STAR LARGE,0.95,Ate 1
23146,TRIPLE HOOK ANTIQUE IVORY ROSE,3.29,3 a 10
23147,SINGLE ANTIQUE ROSE HOOK IVORY,1.45,1 a 3
23154,SET OF 4 JAM JAR MAGNETS,2.08,1 a 3
23155,KNICKERBOCKERGLORY MAGNET ASSORTED,0.83,Ate 1
23156,SET OF 5 MINI GROCERY MAGNETS,2.08,1 a 3
23157,SET OF 6 NATIVITY MAGNETS,2.08,1 a 3
23158,SET OF 5 LUCKY CAT MAGNETS,2.08,1 a 3
23159,SET OF 5 PANCAKE DAY MAGNETS,2.08,1 a 3
23160,REGENCY TEA SPOON,1.25,1 a 3
23161,REGENCY CAKE FORK,1.25,1 a 3
23162,REGENCY TEA STRAINER,3.75,3 a 10
23163,REGENCY SUGAR TONGS,2.49,1 a 3
23164,REGENCY CAKE SLICE,4.95,3 a 10
23168,CLASSIC CAFE SUGAR DISPENSER,1.25,1 a 3
23169,CLASSIC GLASS COOKIE JAR,4.15,3 a 10
23170,REGENCY TEA PLATE ROSES,1.58,1 a 3
23171,REGENCY TEA PLATE GREEN,1.65,1 a 3
23172,REGENCY TEA PLATE PINK,1.65,1 a 3
23173,REGENCY TEAPOT ROSES,9.75,3 a 10
23174,REGENCY SUGAR BOWL GREEN,4.15,3 a 10
23175,REGENCY MILK JUG PINK,3.25,3 a 10
23176,ABC TREASURE BOOK BOX,2.25,1 a 3
23177,TREASURE ISLAND BOOK BOX,2.25,1 a 3
23178,JAM CLOCK MAGNET,2.89,1 a 3
23181,BULL DOG BOTTLE TOP WALL CLOCK,8.25,3 a 10
23187,FRENCH STYLE STORAGE JAR BONBONS,0.29,Ate 1
23189,SET OF 12 FORK CANDLES,2.89,1 a 3
23190,BUNDLE OF 3 SCHOOL EXERCISE BOOKS,1.65,1 a 3
23191,BUNDLE OF 3 RETRO NOTE BOOKS,1.65,1 a 3
23192,BUNDLE OF 3 ALPHABET EXERCISE BOOKS,1.65,1 a 3
23193,BUFFALO BILL TREASURE BOOK BOX,2.25,1 a 3
23194,GYMKHANA TREASURE BOOK BOX,2.25,1 a 3
23196,VINTAGE LEAF MAGNETIC NOTEPAD,1.45,1 a 3
23198,PANTRY MAGNETIC  SHOPPING LIST,1.45,1 a 3
23199,JUMBO BAG APPLES,2.08,1 a 3
23200,JUMBO BAG PEARS,2.08,1 a 3
23201,JUMBO BAG ALPHABET,2.08,1 a 3
23202,JUMBO BAG VINTAGE LEAF,2.08,1 a 3
23203,JUMBO BAG DOILEY PATTERNS,2.06,1 a 3
23204,CHARLOTTE BAG APPLES DESIGN,0.85,Ate 1
23205,CHARLOTTE BAG VINTAGE ALPHABET,0.85,Ate 1
23206,LUNCH BAG APPLE DESIGN,1.65,1 a 3
23207,LUNCH BAG ALPHABET DESIGN,1.65,1 a 3
23208,LUNCH BAG VINTAGE LEAF DESIGN,1.65,1 a 3
23209,LUNCH BAG DOILEY PATTERN,1.65,1 a 3
23210,WHITE ROCKING HORSE HAND PAINTED,1.25,1 a 3
23211,RED ROCKING HORSE HAND PAINTED,1.25,1 a 3
23212,HEART WREATH DECORATION WITH BELL,1.25,1 a 3
23213,STAR WREATH DECORATION WITH BELL,1.25,1 a 3
23214,JINGLE BELL HEART ANTIQUE GOLD,2.08,1 a 3
23216,LAUREL HEART ANTIQUE GOLD,1.25,1 a 3
23219,LAUREL STAR ANTIQUE SILVER,1.25,1 a 3
23221,REINDEER HEART DECORATION SILVER,0.83,Ate 1
23222,CHRISTMAS TREE HANGING GOLD,0.79,Ate 1
23224,CHERUB HEART DECORATION GOLD,0.77,Ate 1
23229,VINTAGE DONKEY TAIL GAME,3.75,3 a 10
23230,WRAP ALPHABET DESIGN,0.42,Ate 1
23231,WRAP DOILEY DESIGN,0.42,Ate 1
23232,WRAP VINTAGE PETALS  DESIGN,0.42,Ate 1
23233,WRAP POPPIES  DESIGN,0.42,Ate 1
23234,BISCUIT TIN VINTAGE CHRISTMAS,2.89,1 a 3
23235,STORAGE TIN VINTAGE LEAF,2.89,1 a 3
23236,DOILEY STORAGE TIN,2.89,1 a 3
23237,SET OF 4 KNICK KNACK TINS LEAVES,4.15,3 a 10
23238,SET OF 4 KNICK KNACK TINS LONDON,4.15,3 a 10
23239,SET OF 4 KNICK KNACK TINS POPPIES,4.15,3 a 10
23240,SET OF 4 KNICK KNACK TINS DOILEY,4.15,3 a 10
23241,TREASURE TIN GYMKHANA DESIGN,2.08,1 a 3
23242,TREASURE TIN BUFFALO BILL,2.08,1 a 3
23243,SET OF TEA COFFEE SUGAR TINS PANTRY,4.95,3 a 10
23244,ROUND STORAGE TIN VINTAGE LEAF,1.95,1 a 3
23245,SET OF 3 REGENCY CAKE TINS,4.95,3 a 10
23247,BISCUIT TIN 50'S CHRISTMAS,2.89,1 a 3
23249,VINTAGE RED ENAMEL TRIM PLATE,1.65,1 a 3
23250,VINTAGE RED TRIM ENAMEL BOWL,1.25,1 a 3
23251,VINTAGE RED ENAMEL TRIM MUG,1.25,1 a 3
23252,VINTAGE RED ENAMEL TRIM JUG,3.75,3 a 10
23253,16 PIECE CUTLERY SET PANTRY DESIGN,15.95,Acima de 10
23254,CHILDRENS CUTLERY DOLLY GIRL,4.15,3 a 10
23255,CHILDRENS CUTLERY CIRCUS PARADE,4.15,3 a 10
23256,CHILDRENS CUTLERY SPACEBOY,4.15,3 a 10
23263,SET OF 3 WOODEN HEART DECORATIONS,1.25,1 a 3
23264,SET OF 3 WOODEN SLEIGH DECORATIONS,1.25,1 a 3
23265,SET OF 3 WOODEN TREE DECORATIONS,1.25,1 a 3
23266,SET OF 3 WOODEN STOCKING DECORATION,1.25,1 a 3
23267,SET OF 4 SANTA PLACE SETTINGS,1.25,1 a 3
23268,SET OF 2 CERAMIC CHRISTMAS REINDEER,1.45,1 a 3
23269,SET OF 2 CERAMIC CHRISTMAS TREES,1.45,1 a 3
23270,SET OF 2 CERAMIC PAINTED HEARTS,1.45,1 a 3
23273,HEART T-LIGHT HOLDER WILLIE WINKIE,1.65,1 a 3
23274,STAR T-LIGHT HOLDER WILLIE WINKIE,1.65,1 a 3
23275,SET OF 3 HANGING OWLS OLLIE BEAK,1.25,1 a 3
23280,FOLDING BUTTERFLY MIRROR HOT PINK,0.81,Ate 1
23281,FOLDING BUTTERFLY MIRROR RED,0.83,Ate 1
23282,FOLDING BUTTERFLY MIRROR IVORY,0.83,Ate 1
23283,DOORMAT VINTAGE LEAF,8.25,3 a 10
23284,DOORMAT KEEP CALM AND COME IN,7.88,3 a 10
23285,PINK VINTAGE SPOT BEAKER,0.84,Ate 1
23286,BLUE VINTAGE SPOT BEAKER,0.83,Ate 1
23287,RED VINTAGE SPOT BEAKER,0.84,Ate 1
23288,GREEN VINTAGE SPOT BEAKER,0.85,Ate 1
23289,DOLLY GIRL CHILDRENS BOWL,1.25,1 a 3
23290,SPACEBOY CHILDRENS BOWL,1.25,1 a 3
23291,DOLLY GIRL CHILDRENS CUP,1.25,1 a 3
23292,SPACEBOY CHILDRENS CUP,1.25,1 a 3
23293,SET OF 12 FAIRY CAKE BAKING CASES,0.83,Ate 1
23294,SET OF 6 SNACK LOAF BAKING CASES,0.83,Ate 1
23295,SET OF 12 MINI LOAF BAKING CASES,0.83,Ate 1
23296,SET OF 6 TEA TIME BAKING CASES,1.25,1 a 3
23297,SET 40 HEART SHAPE PETIT FOUR CASES,1.65,1 a 3
23298,SPOTTY BUNTING,4.95,3 a 10
23300,GARDENERS KNEELING PAD CUP OF TEA,1.65,1 a 3
23301,GARDENERS KNEELING PAD KEEP CALM,1.65,1 a 3
23306,SET OF 36 DOILIES PANTRY DESIGN,1.45,1 a 3
23307,SET OF 60 PANTRY DESIGN CAKE CASES,0.55,Ate 1
23308,SET OF 60 VINTAGE LEAF CAKE CASES,0.55,Ate 1
23309,SET OF 60 I LOVE LONDON CAKE CASES,0.55,Ate 1
23311,VINTAGE CHRISTMAS STOCKING,2.55,1 a 3
23312,VINTAGE CHRISTMAS GIFT SACK,4.15,3 a 10
23313,VINTAGE CHRISTMAS BUNTING,4.95,3 a 10
23314,VINTAGE CHRISTMAS TABLECLOTH,12.5,Acima de 10
23316,RED REFECTORY CLOCK,9.95,3 a 10
23317,BLUE REFECTORY CLOCK,9.95,3 a 10
23318,BOX OF 6 MINI VINTAGE CRACKERS,2.49,1 a 3
23319,BOX OF 6 MINI 50'S CRACKERS,2.49,1 a 3
23320,GIANT 50'S CHRISTMAS CRACKER,2.89,1 a 3
23321,SMALL WHITE HEART OF WICKER,1.65,1 a 3
23322,LARGE WHITE HEART OF WICKER,2.95,1 a 3
23323,WHITE WICKER STAR,2.1,1 a 3
23324,RUSTIC STRAWBERRY JAM POT LARGE,2.08,1 a 3
23325,RUSTIC STRAWBERRY JAM POT SMALL,1.61,1 a 3
23326,HANGING MINI COLOURED BOTTLES,0.63,Ate 1
23328,SET 6 SCHOOL MILK BOTTLES IN CRATE,3.75,3 a 10
23329,DECORATIVE WICKER HEART LARGE,1.65,1 a 3
23332,IVORY WICKER HEART LARGE,1.65,1 a 3
23333,IVORY WICKER HEART MEDIUM,1.25,1 a 3
23334,IVORY WICKER HEART SMALL,0.63,Ate 1
23338,EGG FRYING PAN RED,2.08,1 a 3
23339,EGG FRYING PAN BLUE,2.08,1 a 3
23341,PINK DINER WALL CLOCK,8.5,3 a 10
23342,MINT DINER WALL CLOCK,8.5,3 a 10
23343,JUMBO BAG VINTAGE CHRISTMAS,2.08,1 a 3
23344,JUMBO BAG 50'S CHRISTMAS,2.08,1 a 3
23345,DOLLY GIRL BEAKER,1.25,1 a 3
23346,SPACEBOY BEAKER,1.25,1 a 3
23347,I LOVE LONDON BEAKER,1.25,1 a 3
23348,CHILDRENS TOY COOKING UTENSIL SET,2.08,1 a 3
23349,ROLL WRAP VINTAGE CHRISTMAS,1.25,1 a 3
23350,ROLL WRAP VINTAGE SPOT,1.25,1 a 3
23351,ROLL WRAP 50'S CHRISTMAS,1.25,1 a 3
23352,ROLL WRAP 50'S RED CHRISTMAS,1.25,1 a 3
23353,6 GIFT TAGS VINTAGE CHRISTMAS,0.83,Ate 1
23354,6 GIFT TAGS 50'S CHRISTMAS,0.83,Ate 1
23355,HOT WATER BOTTLE KEEP CALM,4.95,3 a 10
23356,LOVE HOT WATER BOTTLE,5.95,3 a 10
23358,HOT STUFF HOT WATER BOTTLE,3.75,3 a 10
23365,SET 12 COLOUR PENCILS LOVE LONDON,0.65,Ate 1
23366,SET 12 COLOURING PENCILS DOILY,0.65,Ate 1
23367,SET 12 COLOUR PENCILS SPACEBOY,0.65,Ate 1
23368,SET 12 COLOUR PENCILS DOLLY GIRL,0.65,Ate 1
23369,SET 36 COLOUR PENCILS LOVE LONDON,1.25,1 a 3
23370,SET 36 COLOURING PENCILS DOILY,1.25,1 a 3
23371,SET 36 COLOUR PENCILS SPACEBOY,1.25,1 a 3
23372,SET 36 COLOUR PENCILS DOLLY GIRL,1.25,1 a 3
23373,VINTAGE CHRISTMAS PAPER GIFT BAG,0.82,Ate 1
23374,RED SPOT PAPER GIFT BAG,0.82,Ate 1
23376,PACK OF 12 VINTAGE CHRISTMAS TISSUE,0.39,Ate 1
23377,PACK OF 12 DOLLY GIRL TISSUES,0.39,Ate 1
23379,PACK OF 12 RED APPLE TISSUES,0.39,Ate 1
23381,PACK OF 12 VINTAGE LEAF TISSUES,0.39,Ate 1
23382,BOX OF 6 CHRISTMAS CAKE DECORATIONS,3.67,3 a 10
23388,WOODLAND MINI BACKPACK,4.15,3 a 10
23389,SPACEBOY MINI BACKPACK,4.15,3 a 10
23390,DOLLY GIRL MINI BACKPACK,4.15,3 a 10
23391,I LOVE LONDON MINI BACKPACK,4.15,3 a 10
23392,SPACEBOY ROCKET LOLLY MAKERS,2.08,1 a 3
23393,HOME SWEET HOME CUSHION COVER,3.75,3 a 10
23394,POSTE FRANCE CUSHION COVER,3.75,3 a 10
23395,BELLE JARDINIERE CUSHION COVER,3.75,3 a 10
23396,LA JARDIN BOTANIQUE CUSHION COVER,3.75,3 a 10
23397,FOOT STOOL HOME SWEET HOME,9.95,3 a 10
23398,HANGING HEART BONHEUR,0.85,Ate 1
23411,TRELLIS COAT RACK,4.95,3 a 10
23415,HOME SWEET HOME HOOK,1.65,1 a 3
23424,GINGHAM RECIPE BOOK BOX,4.95,3 a 10
23427,STOOL HOME SWEET HOME,12.5,Acima de 10
23432,PRETTY HANGING QUILTED HEARTS,0.83,Ate 1
23433,HANGING QUILTED PATCHWORK APPLES,0.83,Ate 1
23434,3 RAFFIA RIBBONS 50'S CHRISTMAS,0.79,Ate 1
23437,50'S CHRISTMAS GIFT BAG LARGE,1.25,1 a 3
23439,HAND WARMER RED LOVE HEART,2.1,1 a 3
23445,ICE CREAM BUBBLES,0.83,Ate 1
23452,HEART MINI PORTRAIT FRAME,1.95,1 a 3
23453,OVAL  MINI PORTRAIT FRAME,1.95,1 a 3
23463,VINTAGE ZINC WATERING CAN,9.95,3 a 10
23465,TUSCAN VILLA BIRD FEEDER,8.25,3 a 10
23466,TUSCAN VILLA DOVECOTE,8.25,3 a 10
23468,TUSCAN VILLA BIRD TABLE,8.25,3 a 10
23469,CARD HOLDER LOVE BIRD SMALL,4.15,3 a 10
23472,NINE DRAWER OFFICE TIDY,14.95,Acima de 10
23473,WOODLAND SMALL RED FELT HEART,0.83,Ate 1
23474,WOODLAND SMALL BLUE FELT HEART,0.83,Ate 1
23475,WOODLAND SMALL PINK FELT HEART,0.83,Ate 1
23476,WOODLAND LARGE RED FELT HEART,1.25,1 a 3
23477,WOODLAND LARGE BLUE FELT HEART,1.25,1 a 3
23478,WOODLAND LARGE PINK FELT HEART,1.25,1 a 3
23479,WIRE EGG BASKET,7.85,3 a 10
23480,MINI LIGHTS WOODLAND MUSHROOMS,3.75,3 a 10
23481,PEARLISED IVORY HEART SMALL,1.25,1 a 3
23483,HANGING  BUTTERFLY T-LIGHT HOLDER,1.25,1 a 3
23485,BOTANICAL GARDENS WALL CLOCK,25.0,Acima de 10
23489,VINTAGE BELLS GARLAND,2.89,1 a 3
23490,T-LIGHT HOLDER HANGING LOVE BIRD,3.75,3 a 10
23491,VINTAGE JINGLE BELLS HEART,8.25,3 a 10
23493,VINTAGE DOILY TRAVEL SEWING KIT,1.95,1 a 3
23494,VINTAGE DOILY DELUXE SEWING KIT,5.95,3 a 10
23497,CLASSIC CHROME BICYCLE BELL,1.45,1 a 3
23499,SET 12 VINTAGE DOILY CHALK,0.42,Ate 1
23500,KEY RING BASEBALL BOOT ASSORTED,1.25,1 a 3
23501,KEY RING BASEBALL BOOT UNION JACK,1.25,1 a 3
23502,PLAYING CARDS VINTAGE DOILY,1.25,1 a 3
23503,PLAYING CARDS KEEP CALM & CARRY ON,1.25,1 a 3
23504,PLAYING CARDS JUBILEE UNION JACK,1.25,1 a 3
23505,PLAYING CARDS I LOVE LONDON,1.25,1 a 3
23506,MINI PLAYING CARDS SPACEBOY,0.42,Ate 1
23507,MINI PLAYING CARDS BUFFALO BILL,0.42,Ate 1
23508,MINI PLAYING CARDS DOLLY GIRL,0.42,Ate 1
23509,MINI PLAYING CARDS FUN FAIR,0.42,Ate 1
23510,MINI PLAYING CARDS GYMKHANA,0.42,Ate 1
23511,EMBROIDERED RIBBON REEL EMILY,2.08,1 a 3
23512,EMBROIDERED RIBBON REEL ROSIE,2.08,1 a 3
23513,EMBROIDERED RIBBON REEL SUSIE,2.08,1 a 3
23514,EMBROIDERED RIBBON REEL SALLY,2.08,1 a 3
23515,EMBROIDERED RIBBON REEL DAISY,2.08,1 a 3
23517,EMBROIDERED RIBBON REEL REBECCA,2.89,1 a 3
23534,WALL ART STOP FOR TEA,5.95,3 a 10
23535,WALL ART BICYCLE SAFETY,5.95,3 a 10
23541,WALL ART CLASSIC PUDDINGS,8.25,3 a 10
23542,WALL ART 70'S ALPHABET,8.25,3 a 10
23543,WALL ART KEEP CALM,8.25,3 a 10
23545,WRAP RED VINTAGE DOILY,0.42,Ate 1
23546,WRAP PAISLEY PARK,0.42,Ate 1
23551,PACK OF 12 PAISLEY PARK TISSUES,0.39,Ate 1
23554,LANDMARK FRAME OXFORD STREET,12.5,Acima de 10
23555,LANDMARK FRAME NOTTING HILL,12.5,Acima de 10
23556,LANDMARK FRAME COVENT GARDEN,12.5,Acima de 10
23559,WOODLAND BUNNIES LOLLY MAKERS,2.08,1 a 3
23562,SET OF 6 RIBBONS PERFECTLY PRETTY,2.89,1 a 3
23564,EGG CUP MILKMAID INGRID,1.25,1 a 3
23565,EGG CUP MILKMAID HELGA,1.25,1 a 3
23566,EGG CUP MILKMAID HEIDI,1.25,1 a 3
23569,TRADTIONAL ALPHABET STAMP SET,4.95,3 a 10
23570,TRADITIONAL PICK UP STICKS GAME,1.25,1 a 3
23571,TRADITIONAL NAUGHTS & CROSSES,1.65,1 a 3
23574,PACKING CHARGE,7.5,3 a 10
23575,SNACK TRAY PAISLEY PARK,1.95,1 a 3
23576,SNACK TRAY RED VINTAGE DOILY,1.95,1 a 3
23578,SNACK TRAY RED GINGHAM,1.95,1 a 3
23579,SNACK TRAY I LOVE LONDON,1.95,1 a 3
23580,SNACK TRAY HAPPY FOREST,1.95,1 a 3
23582,VINTAGE DOILY JUMBO BAG RED,2.08,1 a 3
23583,LUNCH BAG PAISLEY PARK,1.65,1 a 3
23597,PAPER BUNTING PAISLEY PARK,2.95,1 a 3
23598,PAPER BUNTING VINTAGE PARTY,2.95,1 a 3
23660,HENRIETTA HEN MUG,1.65,1 a 3
23681,LUNCH BAG RED VINTAGE DOILY,1.65,1 a 3
23695,DOILY THANK YOU CARD,0.42,Ate 1
23697,A PRETTY THANK YOU CARD,0.42,Ate 1
35443,RASTA IN BATH W SPLIFF ASHTRAY,0.85,Ate 1
35599B,BLACK CHRISTMAS TREE 120CM,8.49,3 a 10
35809A,ENAMEL PINK TEA CONTAINER,0.83,Ate 1
35810A,ENAMEL PINK COFFEE CONTAINER,0.83,Ate 1
35810B,ENAMEL BLUE RIM COFFEE CONTAINER,0.83,Ate 1
35911A,MULTICOLOUR RABBIT EGG WARMER,0.85,Ate 1
35953,FOLKART STAR CHRISTMAS DECORATIONS,0.68,Ate 1
35970,ZINC FOLKART SLEIGH BELLS,1.69,1 a 3
37342,POLKADOT COFFEE CUP & SAUCER PINK,0.79,Ate 1
37370,RETRO COFFEE MUGS ASSORTED,1.25,1 a 3
37413,ICON MUG REVOLUTIONARY,0.39,Ate 1
37475,SET/4 COLOURFUL MIXING BOWLS,9.95,3 a 10
37495,FAIRY CAKE BIRTHDAY CANDLE SET,3.75,3 a 10
40001,WHITE BAMBOO RIBS LAMPSHADE,0.85,Ate 1
40016,CHINESE DRAGON PAPER LANTERNS,0.42,Ate 1
46000S,POLYESTER FILLER PAD 40x40cm,1.45,1 a 3
47367B,PAIR PADDED HANGERS PINK CHECK,3.75,3 a 10
47503A,ASS FLORAL PRINT MULTI SCREWDRIVER,0.84,Ate 1
47504K,ENGLISH ROSE GARDEN SECATEURS,0.79,Ate 1
47566,PARTY BUNTING,4.92,3 a 10
47566B,TEA TIME PARTY BUNTING,4.85,3 a 10
47570B,TEA TIME TABLE CLOTH,10.65,Acima de 10
47578A,ENGLISH ROSE SMALL SCENTED FLOWER,0.85,Ate 1
47585A,PINK FAIRY CAKE CUSHION COVER,3.75,3 a 10
47590A,BLUE HAPPY BIRTHDAY BUNTING,5.45,3 a 10
47590B,PINK HAPPY BIRTHDAY BUNTING,4.65,3 a 10
47591D,PINK FAIRY CAKE CHILDRENS APRON,1.95,1 a 3
47593B,SCOTTIE DOGS BABY BIB,0.39,Ate 1
47594A,CAROUSEL DESIGN WASHBAG,1.95,1 a 3
47594B,SCOTTIES DESIGN WASHBAG,1.95,1 a 3
47599A,PINK PARTY BAGS,2.1,1 a 3
47599B,BLUE PARTY BAGS,2.1,1 a 3
48111,DOORMAT 3 SMILEY CATS,7.08,3 a 10
48138,DOORMAT UNION FLAG,7.75,3 a 10
48173C,DOORMAT BLACK FLOCK,8.25,3 a 10
48184,DOORMAT ENGLISH ROSE,7.35,3 a 10
48185,DOORMAT FAIRY CAKE,8.25,3 a 10
48187,DOORMAT NEW ENGLAND,6.75,3 a 10
48194,DOORMAT HEARTS,8.1,3 a 10
51014L,"FEATHER PEN,LIGHT PINK",0.62,Ate 1
62018,SOMBRERO,1.95,1 a 3
70007,HI TEC ALPINE HAND WARMER,1.65,1 a 3
71101E,STANDING FAIRY POLE SUPPORT,0.85,Ate 1
72586,SET OF 6 HALLOWEEN GHOST T-LIGHTS,0.42,Ate 1
72741,GRAND CHOCOLATECANDLE,1.45,1 a 3
72760B,VINTAGE CREAM 3 BASKET CAKE STAND,9.95,3 a 10
72799E,IVORY PILLAR CANDLE SILVER FLOCK,2.95,1 a 3
72799F,IVORY PILLAR CANDLE GOLD FLOCK,2.95,1 a 3
72800C,4 PINK DINNER CANDLE SILVER FLOCK,2.55,1 a 3
72800E,4 IVORY DINNER CANDLES SILVER FLOCK,1.44,1 a 3
79030G,"TUMBLER, NEW ENGLAND",1.02,1 a 3
79066K,RETRO MOD TRAY,0.85,Ate 1
79190A,RETRO PLASTIC 70'S TRAY,0.42,Ate 1
79190B,RETRO PLASTIC POLKA TRAY,0.42,Ate 1
79191B,RETRO PLASTIC POLKA TRAY,0.85,Ate 1
79191C,RETRO PLASTIC ELEPHANT TRAY,0.85,Ate 1
82482,WOODEN PICTURE FRAME WHITE FINISH,2.75,1 a 3
82484,WOOD BLACK BOARD ANT WHITE FINISH,7.45,3 a 10
82552,WASHROOM METAL SIGN,1.45,1 a 3
82567,"AIRLINE LOUNGE,METAL SIGN",2.1,1 a 3
82582,AREA PATROLLED METAL SIGN,2.1,1 a 3
82583,HOT BATHS METAL SIGN,2.1,1 a 3
82600,NO SINGING METAL SIGN,2.1,1 a 3
82613B,"METAL SIGN,CUPCAKE SINGLE HOOK",0.84,Ate 1
82613D,METAL SIGN CUPCAKE SINGLE HOOK,0.42,Ate 1
84012,MAGIC SHEEP WOOL GROWING FROM PAPER,2.55,1 a 3
84029E,RED WOOLLY HOTTIE WHITE HEART.,3.88,3 a 10
84029G,KNITTED UNION FLAG HOT WATER BOTTLE,4.12,3 a 10
84030E,ENGLISH ROSE HOT WATER BOTTLE,4.25,3 a 10
84032B,CHARLIE + LOLA RED HOT WATER BOTTLE,2.95,1 a 3
84050,PINK HEART SHAPE EGG FRYING PAN,1.65,1 a 3
84051,ASS COLOUR GLOWING TIARAS,0.85,Ate 1
84077,WORLD WAR 2 GLIDERS ASSTD DESIGNS,0.29,Ate 1
84086C,PINK/PURPLE RETRO RADIO,2.95,1 a 3
84212,"ASSORTED FLOWER COLOUR ""LEIS""",0.65,Ate 1
84228,HEN HOUSE W CHICK STANDING,0.42,Ate 1
84251G,"GREETING CARD, OVERCROWDED POOL.",0.19,Ate 1
84279B,CHERRY BLOSSOM DECORATIVE FLASK,3.75,3 a 10
84279P,CHERRY BLOSSOM  DECORATIVE FLASK,3.75,3 a 10
84347,ROTATING SILVER ANGELS T-LIGHT HLDR,2.55,1 a 3
84356,POMPOM CURTAIN,1.95,1 a 3
84375,SET OF 20 KIDS COOKIE CUTTERS,2.1,1 a 3
84378,SET OF 3 HEART COOKIE CUTTERS,1.33,1 a 3
84380,SET OF 3 BUTTERFLY COOKIE CUTTERS,1.32,1 a 3
84429A,MEDIUM PINK BUDDHA HEAD,2.95,1 a 3
84509B,SET OF 4 FAIRY CAKE PLACEMATS,3.75,3 a 10
84510A,SET OF 4 ENGLISH ROSE COASTERS,1.25,1 a 3
84519A,TOMATO CHARLIE+LOLA COASTER SET,1.25,1 a 3
84519B,CARROT CHARLIE+LOLA COASTER SET,1.25,1 a 3
84535B,FAIRY CAKES NOTEBOOK A6 SIZE,0.65,Ate 1
84536A,ENGLISH ROSE NOTEBOOK A7 SIZE,0.42,Ate 1
84536B,FAIRY CAKES NOTEBOOK A7 SIZE,0.42,Ate 1
84558A,3D DOG PICTURE PLAYING CARDS,2.95,1 a 3
84559A,3D SHEET OF DOG STICKERS,0.85,Ate 1
84569A,PACK 3 IRON ON DOG PATCHES,1.25,1 a 3
84580,MOUSE TOY WITH PINK T-SHIRT,3.75,3 a 10
84592,CROCHET ROSE PURSE WITH SUEDE BACK,2.95,1 a 3
84596B,SMALL DOLLY MIX DESIGN ORANGE BOWL,0.42,Ate 1
84596F,SMALL MARSHMALLOWS PINK BOWL,0.42,Ate 1
84596J,MIXED NUTS LIGHT GREEN BOWL,0.42,Ate 1
84625A,PINK NEW BAROQUECANDLESTICK CANDLE,0.85,Ate 1
84673B,BLUE FLY SWAT,0.65,Ate 1
84674,FLYING PIG WATERING CAN,2.95,1 a 3
84678,CLASSICAL ROSE SMALL VASE,2.55,1 a 3
84692,BOX OF 24 COCKTAIL PARASOLS,0.42,Ate 1
84707B,PINK JEWELLED MIRROR TRINKET TRAY,9.95,3 a 10
84744,S/6 SEW ON CROCHET FLOWERS,1.25,1 a 3
84792,ENCHANTED BIRD COATHANGER 5 HOOK,4.65,3 a 10
84817,DANISH ROSE DECORATIVE PLATE,1.54,1 a 3
84819,DANISH ROSE ROUND SEWING BOX,4.25,3 a 10
84820,DANISH ROSE TRINKET TRAYS,4.65,3 a 10
84821,DANISH ROSE DELUXE COASTER,0.69,Ate 1
84826,ASSTD DESIGN 3D PAPER STICKERS,0.85,Ate 1
84828,JUNGLE POPSICLES ICE LOLLY HOLDERS,1.21,1 a 3
84836,ZINC METAL HEART DECORATION,1.25,1 a 3
84870B,BLUE GEISHA GIRL,3.75,3 a 10
84870C,GREEN GEISHA GIRL,3.75,3 a 10
84879,ASSORTED COLOUR BIRD ORNAMENT,1.62,1 a 3
84913B,MINT GREEN ROSE TOWEL,4.65,3 a 10
84920,PINK FLOWER FABRIC PONY,3.75,3 a 10
84924A,WAKE UP COCKEREL CALENDAR SIGN,3.75,3 a 10
84927A,WAKE UP COCKEREL TILE HOOK,2.1,1 a 3
84927D,LA PALMIERA TILE HOOK,2.1,1 a 3
84927E,FLOWERS TILE HOOK,2.1,1 a 3
84927F,PSYCHEDELIC TILE HOOK,2.1,1 a 3
84929,ASSTD FRUIT+FLOWERS FRIDGE MAGNETS,0.19,Ate 1
84931A,PINK SCOTTIE DOG W FLOWER PATTERN,2.55,1 a 3
84931B,BLUE SCOTTIE DOG W FLOWER PATTERN,2.55,1 a 3
84946,ANTIQUE SILVER T-LIGHT GLASS,1.25,1 a 3
84947,ANTIQUE SILVER TEA GLASS ENGRAVED,1.25,1 a 3
84950,ASSORTED COLOUR T-LIGHT HOLDER,0.65,Ate 1
84963A,PINK PAINTED KASHMIRI CHAIR,42.95,Acima de 10
84970L,SINGLE HEART ZINC T-LIGHT HOLDER,0.95,Ate 1
84970S,HANGING HEART ZINC T-LIGHT HOLDER,0.85,Ate 1
84978,HANGING HEART JAR T-LIGHT HOLDER,1.25,1 a 3
84987,SET OF 36 TEATIME PAPER DOILIES,1.45,1 a 3
84988,SET OF 72 PINK HEART PAPER DOILIES,1.45,1 a 3
84991,60 TEATIME FAIRY CAKE CASES,0.55,Ate 1
84992,72 SWEETHEART FAIRY CAKE CASES,0.55,Ate 1
84997A,GREEN 3 PIECE POLKADOT CUTLERY SET,4.09,3 a 10
84997B,RED 3 PIECE RETROSPOT CUTLERY SET,4.09,3 a 10
84997C,BLUE 3 PIECE POLKADOT CUTLERY SET,4.08,3 a 10
84997D,PINK 3 PIECE POLKADOT CUTLERY SET,4.09,3 a 10
85014A,BLACK/BLUE POLKADOT UMBRELLA,5.8,3 a 10
85014B,RED RETROSPOT UMBRELLA,5.82,3 a 10
85015,SET OF 12  VINTAGE POSTCARD SET,1.28,1 a 3
85016,SET OF 6 VINTAGE NOTELETS KIT,2.55,1 a 3
85032A,ROMANTIC IMAGES GIFT WRAP SET,1.38,1 a 3
85032C,CURIOUS IMAGES GIFT WRAP SET,2.1,1 a 3
85039A,SET/4 RED MINI ROSE CANDLE IN BOWL,1.65,1 a 3
85040A,S/4 PINK FLOWER CANDLES IN BOWL,1.65,1 a 3
85045,GREEN CHRISTMAS TREE STRING 20LIGHT,4.95,3 a 10
85048,15CM CHRISTMAS GLASS BALL 20 LIGHTS,7.95,3 a 10
85049A,TRADITIONAL CHRISTMAS RIBBONS,1.25,1 a 3
85049C,ROMANTIC PINKS RIBBONS,1.25,1 a 3
85049D,BRIGHT BLUES RIBBONS,1.25,1 a 3
85049E,SCANDINAVIAN REDS RIBBONS,1.25,1 a 3
85049G,CHOCOLATE BOX RIBBONS,1.25,1 a 3
85049H,URBAN BLACK RIBBONS,1.25,1 a 3
85053,FRENCH ENAMEL CANDLEHOLDER,2.1,1 a 3
85059,FRENCH ENAMEL WATER BASIN,3.75,3 a 10
85066,CREAM SWEETHEART MINI CHEST,12.75,Acima de 10
85088,CANDY SPOT HAND BAG,2.1,1 a 3
85095,THREE CANVAS LUGGAGE TAGS,1.95,1 a 3
85099B,JUMBO BAG RED RETROSPOT,2.05,1 a 3
85099C,JUMBO  BAG BAROQUE BLACK WHITE,2.08,1 a 3
85099F,JUMBO BAG STRAWBERRY,1.94,1 a 3
85114C,RED ENCHANTED FOREST PLACEMAT,1.65,1 a 3
85116,BLACK CANDELABRA T-LIGHT HOLDER,2.1,1 a 3
85123A,WHITE HANGING HEART T-LIGHT HOLDER,2.82,1 a 3
85130C,BEADED CRYSTAL HEART BLUE  LARGE,0.79,Ate 1
85135C,RED DRAGONFLY HELICOPTER,7.95,3 a 10
85136A,YELLOW SHARK HELICOPTER,7.95,3 a 10
85150,LADIES & GENTLEMEN METAL SIGN,2.55,1 a 3
85159B,"WHITE TEA,COFFEE,SUGAR JARS",1.95,1 a 3
85169B,BLACK LOVE BIRD CANDLE,1.25,1 a 3
85169D,PINK LOVE BIRD CANDLE,1.25,1 a 3
85170D,SET/6 PINK BIRD T-LIGHT CANDLES,2.1,1 a 3
85172,HYACINTH BULB T-LIGHT CANDLES,0.42,Ate 1
85173,SET/6 FROG PRINCE T-LIGHT CANDLES,2.55,1 a 3
85175,CACTI T-LIGHT CANDLES,0.42,Ate 1
85183B,CHARLIE & LOLA WASTEPAPER BIN FLORA,1.25,1 a 3
85194S,HANGING SPRING FLOWER EGG SMALL,0.65,Ate 1
85199L,LARGE HANGING IVORY & RED WOOD BIRD,0.65,Ate 1
85199S,SMALL HANGING IVORY/RED WOOD BIRD,0.42,Ate 1
85206A,CREAM FELT EASTER EGG BASKET,1.65,1 a 3
85227,SET OF 6 3D KIT CARDS FOR KIDS,0.85,Ate 1
85230B,CINNAMON SCENTED VOTIVE CANDLE,0.29,Ate 1
85230E,STRAWBRY SCENTED VOTIVE CANDLE,0.29,Ate 1
85230G,ORANGE VOTIVE CANDLE,0.29,Ate 1
85232D,SET/3 DECOUPAGE STACKING TINS,4.95,3 a 10
90030B,RED KUKUI COCONUT SEED NECKLACE,1.0,Ate 1
90030C,BROWN KUKUI COCONUT SEED NECKLACE,1.0,Ate 1
90031,BILI NUT AND WOOD NECKLACE,1.0,Ate 1
90099,NECKLACE+BRACELET SET BLUE HIBISCUS,2.55,1 a 3
90184B,AMETHYST CHUNKY BEAD BRACELET W STR,8.95,3 a 10
90184C,BLACK CHUNKY BEAD BRACELET W STRAP,8.95,3 a 10
90201B,BLACK ENAMEL FLOWER RING,2.95,1 a 3
90201C,RED ENAMEL FLOWER RING,2.95,1 a 3
C2,CARRIAGE,84.0,Acima de 10
M,Manual,1478.5,Acima de 10
POST,POSTAGE,19.46,Acima de 10
